paperID,author1,author2
0,Maureen M. Villamor,Ma. Mercedes T. Rodrigo
1,Deion C. Menor,Cher T. Panlilio
1,Deion C. Menor,Lourdes J. Santiago
1,Deion C. Menor,Andrei D. Coronel
1,Cher T. Panlilio,Lourdes J. Santiago
1,Cher T. Panlilio,Andrei D. Coronel
1,Lourdes J. Santiago,Andrei D. Coronel
2,Joshua Dizon,Somnath Bera
2,Joshua Dizon,Jean Malolos
2,Joshua Dizon,Henry N. Adorna
2,Somnath Bera,Jean Malolos
2,Somnath Bera,Henry N. Adorna
2,Jean Malolos,Henry N. Adorna
3,Aldrich Ellis C. Asuncion,Brian Christopher T. Guadalupe
3,Aldrich Ellis C. Asuncion,William Emmanuel S. Yu
3,Brian Christopher T. Guadalupe,William Emmanuel S. Yu
4,Clarisa Albarillo,Proceso Fernandez Jr
5,Harvey Ian Arbas,Ara Abigail Ambita
5,Harvey Ian Arbas,Ligaya Leah Lara-Figueroa
5,Ara Abigail Ambita,Ligaya Leah Lara-Figueroa
6,Maria Isabel S. Saludares,Charles Kevin Verdad
6,Maria Isabel S. Saludares,Ligaya Leah Lara-Figueroa
6,Charles Kevin Verdad,Ligaya Leah Lara-Figueroa
7,Jasper Haven S. Briones,Kennethe Ann Q. Mina
7,Jasper Haven S. Briones,Michelle P. Banawan
7,Kennethe Ann Q. Mina,Michelle P. Banawan
8,Dewey L. Sia,Zuleika A. Yee
8,Dewey L. Sia,Michelle P. Banawan
8,Zuleika A. Yee,Michelle P. Banawan
9,Christian Terrence Esguerra,Conrado R. Ruiz Jr
10,Almie Carajay,Jorge Gil Angeles
10,Almie Carajay,Rocky Marcelino
10,Almie Carajay,Maria Art Antonette Clariño
10,Almie Carajay,Katrina Joy Abriol-Santos
10,Almie Carajay,Jaime Samaniego
10,Jorge Gil Angeles,Rocky Marcelino
10,Jorge Gil Angeles,Maria Art Antonette Clariño
10,Jorge Gil Angeles,Katrina Joy Abriol-Santos
10,Jorge Gil Angeles,Jaime Samaniego
10,Rocky Marcelino,Maria Art Antonette Clariño
10,Rocky Marcelino,Katrina Joy Abriol-Santos
10,Rocky Marcelino,Jaime Samaniego
10,Maria Art Antonette Clariño,Katrina Joy Abriol-Santos
10,Maria Art Antonette Clariño,Jaime Samaniego
10,Katrina Joy Abriol-Santos,Jaime Samaniego
11,Jayrah Bena E. Riñon,Renier G. Mendoza
11,Jayrah Bena E. Riñon,Victoria May Paguio Mendoza
11,Renier G. Mendoza,Victoria May Paguio Mendoza
12,Christian dela Cruz,Thelma Palaoag
13,Arvin Christopher Reyes,Neil Patrick Del Gallego
14,Erika Ritzelle P. Bondoc,Francis Percival M. Caparas
14,Erika Ritzelle P. Bondoc,John Eddie D. Macias
14,Erika Ritzelle P. Bondoc,Vileser T. Naculangga
14,Erika Ritzelle P. Bondoc,Jheanel E. Estrada
14,Francis Percival M. Caparas,John Eddie D. Macias
14,Francis Percival M. Caparas,Vileser T. Naculangga
14,Francis Percival M. Caparas,Jheanel E. Estrada
14,John Eddie D. Macias,Vileser T. Naculangga
14,John Eddie D. Macias,Jheanel E. Estrada
14,Vileser T. Naculangga,Jheanel E. Estrada
15,Gabriel K. De Jesus,Carlo D. Mendoza
15,Gabriel K. De Jesus,Alyssa Nicole N. Ty
15,Gabriel K. De Jesus,John Paul C. Vergara
15,Carlo D. Mendoza,Alyssa Nicole N. Ty
15,Carlo D. Mendoza,John Paul C. Vergara
15,Alyssa Nicole N. Ty,John Paul C. Vergara
16,Katrina B. Calpito,David Jonathan L. Relacion
16,Katrina B. Calpito,Juan Miguel C. Roman
16,Katrina B. Calpito,Trisha Regine P. Wang
16,Katrina B. Calpito,Cecil Jose A. Delfinado
16,David Jonathan L. Relacion,Juan Miguel C. Roman
16,David Jonathan L. Relacion,Trisha Regine P. Wang
16,David Jonathan L. Relacion,Cecil Jose A. Delfinado
16,Juan Miguel C. Roman,Trisha Regine P. Wang
16,Juan Miguel C. Roman,Cecil Jose A. Delfinado
16,Trisha Regine P. Wang,Cecil Jose A. Delfinado
17,Albuen Jan Rosello,Victor Romero II
18,Patricia Nicole Uy,Jayce Caylah Ching
18,Patricia Nicole Uy,Gener Angelo Lopez
18,Jayce Caylah Ching,Gener Angelo Lopez
19,Christian Chan,Jose Mirabueno
19,Christian Chan,Justin San Pedro
19,Christian Chan,Andrei D. Coronel
19,Jose Mirabueno,Justin San Pedro
19,Jose Mirabueno,Andrei D. Coronel
19,Justin San Pedro,Andrei D. Coronel
20,Neil Patrick Del Gallego,Raymund C. Sison
21,Mygel Andrei Martija,Neila Paglinawan
21,Mygel Andrei Martija,Henry N. Adorna
21,Neila Paglinawan,Henry N. Adorna
22,Teresita C. Limoanco,John Paul S. Guzman
22,Teresita C. Limoanco,Raymund C. Sison
22,John Paul S. Guzman,Raymund C. Sison
23,Christian Dione Bergantin,Camille Bencito
23,Christian Dione Bergantin,Christian Paul Mirano
23,Christian Dione Bergantin,Larry Vea
23,Camille Bencito,Christian Paul Mirano
23,Camille Bencito,Larry Vea
23,Christian Paul Mirano,Larry Vea
24,Jansen Keith Domoguen,Ruahden F. Dang-awan
24,Jansen Keith Domoguen,Henry N. Adorna
24,Ruahden F. Dang-awan,Henry N. Adorna
25,Edgar Bryan B. Nicart,Tony Y. T. Chan
25,Edgar Bryan B. Nicart,Ruji P. Medina
25,Tony Y. T. Chan,Ruji P. Medina
26,Winston M. Tabada,Jerik G. Beltran
27,Maureen M. Villamor,Ma. Mercedes T. Rodrigo
28,Kristine Mae M. Adlaon,Judith J. Azcarraga
29,Neil Patrick Del Gallego,Remedios de Dios Bulos
30,Christine Lourrine S. Tablatin,Ma. Mercedes T. Rodrigo
31,Joanna Pauline Rivera,Clement Y. Ong
32,Berwin Jarret T. Yu,Richard Bryann L. Chua
33,Irene Therese Bermejo,Jan Nicole Domingo
33,Irene Therese Bermejo,Dion Alfonso Velasco
33,Irene Therese Bermejo,John Cliford Rosales
33,Irene Therese Bermejo,Ma. Regina Estuar
33,Irene Therese Bermejo,Kennedy E. Espina
33,Jan Nicole Domingo,Dion Alfonso Velasco
33,Jan Nicole Domingo,John Cliford Rosales
33,Jan Nicole Domingo,Ma. Regina Estuar
33,Jan Nicole Domingo,Kennedy E. Espina
33,Dion Alfonso Velasco,John Cliford Rosales
33,Dion Alfonso Velasco,Ma. Regina Estuar
33,Dion Alfonso Velasco,Kennedy E. Espina
33,John Cliford Rosales,Ma. Regina Estuar
33,John Cliford Rosales,Kennedy E. Espina
33,Ma. Regina Estuar,Kennedy E. Espina
34,Nikko G. Cabang,Albert A. Vinluan
34,Nikko G. Cabang,Jedidiah B. Constantino
34,Nikko G. Cabang,Marc Angelo P. Martinez
34,Albert A. Vinluan,Jedidiah B. Constantino
34,Albert A. Vinluan,Marc Angelo P. Martinez
34,Jedidiah B. Constantino,Marc Angelo P. Martinez
35,John Carlo A. Ariola,Jaymee A. Olaño
35,John Carlo A. Ariola,Mark Arthur A. Caro III
35,John Carlo A. Ariola,John Sixto G. Santos
35,Jaymee A. Olaño,Mark Arthur A. Caro III
35,Jaymee A. Olaño,John Sixto G. Santos
35,Mark Arthur A. Caro III,John Sixto G. Santos
36,Jennifer C. Ureta,Conrado R. Ruiz Jr
37,Patricia Anne Eugenio,Gregory Cu
37,Patricia Anne Eugenio,Fritz Kevin Flores
37,Gregory Cu,Fritz Kevin Flores
38,Marco C. Lucena,John Paul C. Vergara
39,Ren Tristan dela Cruz,Dionne Peter P. Cailipan
39,Ren Tristan dela Cruz,Jym Paul A. Carandang
39,Ren Tristan dela Cruz,Francis George C. Cabarle
39,Ren Tristan dela Cruz,Kelvin C. Buño
39,Ren Tristan dela Cruz,Nestine Hope S. Hernandez
39,Ren Tristan dela Cruz,Henry N. Adorna
39,Dionne Peter P. Cailipan,Jym Paul A. Carandang
39,Dionne Peter P. Cailipan,Francis George C. Cabarle
39,Dionne Peter P. Cailipan,Kelvin C. Buño
39,Dionne Peter P. Cailipan,Nestine Hope S. Hernandez
39,Dionne Peter P. Cailipan,Henry N. Adorna
39,Jym Paul A. Carandang,Francis George C. Cabarle
39,Jym Paul A. Carandang,Kelvin C. Buño
39,Jym Paul A. Carandang,Nestine Hope S. Hernandez
39,Jym Paul A. Carandang,Henry N. Adorna
39,Francis George C. Cabarle,Kelvin C. Buño
39,Francis George C. Cabarle,Nestine Hope S. Hernandez
39,Francis George C. Cabarle,Henry N. Adorna
39,Kelvin C. Buño,Nestine Hope S. Hernandez
39,Kelvin C. Buño,Henry N. Adorna
39,Nestine Hope S. Hernandez,Henry N. Adorna
40,Shenamae Borja,John Ultra
41,Laurenz Adriel Tolentino,Allan Borra
42,Maryene B. Sy Piecco,Marrick C. Neri
43,Mary Grace Malana,Laurenz Adriel Tolentino
43,Mary Grace Malana,Roger Luis Uy
43,Laurenz Adriel Tolentino,Roger Luis Uy
44,Amiel John B. Atienza,Art Maco T. Del Rosario
44,Amiel John B. Atienza,John Carlo R. Gonzales
44,Amiel John B. Atienza,Marc Angelo P. Martinez
44,Amiel John B. Atienza,Carlo Marco S. Ortiz
44,Art Maco T. Del Rosario,John Carlo R. Gonzales
44,Art Maco T. Del Rosario,Marc Angelo P. Martinez
44,Art Maco T. Del Rosario,Carlo Marco S. Ortiz
44,John Carlo R. Gonzales,Marc Angelo P. Martinez
44,John Carlo R. Gonzales,Carlo Marco S. Ortiz
44,Marc Angelo P. Martinez,Carlo Marco S. Ortiz
45,Ren Tristan dela Cruz,Zechariah B. Jimenez
45,Ren Tristan dela Cruz,Francis George C. Cabarle
45,Ren Tristan dela Cruz,Henry N. Adorna
45,Ren Tristan dela Cruz,Kelvin C. Buño
45,Ren Tristan dela Cruz,Nestine Hope S. Hernandez
45,Ren Tristan dela Cruz,Jym Paul A. Carandang
45,Zechariah B. Jimenez,Francis George C. Cabarle
45,Zechariah B. Jimenez,Henry N. Adorna
45,Zechariah B. Jimenez,Kelvin C. Buño
45,Zechariah B. Jimenez,Nestine Hope S. Hernandez
45,Zechariah B. Jimenez,Jym Paul A. Carandang
45,Francis George C. Cabarle,Henry N. Adorna
45,Francis George C. Cabarle,Kelvin C. Buño
45,Francis George C. Cabarle,Nestine Hope S. Hernandez
45,Francis George C. Cabarle,Jym Paul A. Carandang
45,Henry N. Adorna,Kelvin C. Buño
45,Henry N. Adorna,Nestine Hope S. Hernandez
45,Henry N. Adorna,Jym Paul A. Carandang
45,Kelvin C. Buño,Nestine Hope S. Hernandez
45,Kelvin C. Buño,Jym Paul A. Carandang
45,Nestine Hope S. Hernandez,Jym Paul A. Carandang
46,John Eric Z. Sy,Macliing Gabriel Q. Aydinan
46,John Eric Z. Sy,Prospero C. Naval Jr.
46,Macliing Gabriel Q. Aydinan,Prospero C. Naval Jr.
47,Nikko T. Borja,Ken V. Hosoya
47,Nikko T. Borja,Jared Luke C. Pangilinan
47,Nikko T. Borja,Mervin Stewart C. Uy
47,Nikko T. Borja,Rafael A. Cabredo
47,Ken V. Hosoya,Jared Luke C. Pangilinan
47,Ken V. Hosoya,Mervin Stewart C. Uy
47,Ken V. Hosoya,Rafael A. Cabredo
47,Jared Luke C. Pangilinan,Mervin Stewart C. Uy
47,Jared Luke C. Pangilinan,Rafael A. Cabredo
47,Mervin Stewart C. Uy,Rafael A. Cabredo
49,Alquine Roy F. Taculin,Kardi Teknomo
50,Baldip Bhuller,Fritz Kevin Flores
50,Baldip Bhuller,Joshua Manto
50,Baldip Bhuller,Arvin Medina
50,Baldip Bhuller,Naomi Mendaros
50,Fritz Kevin Flores,Joshua Manto
50,Fritz Kevin Flores,Arvin Medina
50,Fritz Kevin Flores,Naomi Mendaros
50,Joshua Manto,Arvin Medina
50,Joshua Manto,Naomi Mendaros
50,Arvin Medina,Naomi Mendaros
51,Jedidiah Caychingco,Gregory Cu
52,C.D.S. Ergina,V.M.II Romero
53,Samantha G. Mallari,Faith I. Ballesteros
53,Samantha G. Mallari,Eva R. Samillano
53,Samantha G. Mallari,Paulo Miguel S. Capuz
53,Samantha G. Mallari,Lorena R. Rabago
53,Samantha G. Mallari,Ernesto C. Boydon
53,Faith I. Ballesteros,Eva R. Samillano
53,Faith I. Ballesteros,Paulo Miguel S. Capuz
53,Faith I. Ballesteros,Lorena R. Rabago
53,Faith I. Ballesteros,Ernesto C. Boydon
53,Eva R. Samillano,Paulo Miguel S. Capuz
53,Eva R. Samillano,Lorena R. Rabago
53,Eva R. Samillano,Ernesto C. Boydon
53,Paulo Miguel S. Capuz,Lorena R. Rabago
53,Paulo Miguel S. Capuz,Ernesto C. Boydon
53,Lorena R. Rabago,Ernesto C. Boydon
55,Danen Clint Ocfemi,John D. Ultra
56,Vanlalhruaii Swansi,Judith J. Azcarraga
57,Charl Amaba,Darren Josef M. Kho
57,Charl Amaba,Angie M. Ceniza
57,Charl Amaba,Mark Isaiah Quevedo
57,Darren Josef M. Kho,Angie M. Ceniza
57,Darren Josef M. Kho,Mark Isaiah Quevedo
57,Angie M. Ceniza,Mark Isaiah Quevedo
58,Heinrich Von P. Woogue,Kim Christian T. Cubillan
58,Heinrich Von P. Woogue,Mary Jane G. Sabellano
58,Kim Christian T. Cubillan,Mary Jane G. Sabellano
59,Jose Emmanuel D. Torrijos,Adrian Cordero
59,Jose Emmanuel D. Torrijos,Enrico Sison
59,Jose Emmanuel D. Torrijos,Ma. Regina Estuar
59,Adrian Cordero,Enrico Sison
59,Adrian Cordero,Ma. Regina Estuar
59,Enrico Sison,Ma. Regina Estuar
60,Justin David Pineda,Joanna De Guzman
60,Justin David Pineda,Adrian Tobias
60,Justin David Pineda,Ruy Josel Verano
60,Justin David Pineda,Jan Michael Bernardo
60,Joanna De Guzman,Adrian Tobias
60,Joanna De Guzman,Ruy Josel Verano
60,Joanna De Guzman,Jan Michael Bernardo
60,Adrian Tobias,Ruy Josel Verano
60,Adrian Tobias,Jan Michael Bernardo
60,Ruy Josel Verano,Jan Michael Bernardo
61,Camille C. Diez,Enrico M. Tria
61,Camille C. Diez,John Paul C. Vergara
61,Enrico M. Tria,John Paul C. Vergara
62,Andrew Laron,Daniel Stanley Tan
62,Andrew Laron,Nathalie Rose Lim-Cheng
62,Andrew Laron,Angelyn Lao
62,Daniel Stanley Tan,Nathalie Rose Lim-Cheng
62,Daniel Stanley Tan,Angelyn Lao
62,Nathalie Rose Lim-Cheng,Angelyn Lao
64,Joshua Zambales,Patricia Angela Abu
65,Joshua C. Martinez,May Marie P. Talandron
65,Joshua C. Martinez,Jun Rangie C. Obispo
65,May Marie P. Talandron,Jun Rangie C. Obispo
66,Ray Carlo Añonuevo,Dea Ferrer
66,Ray Carlo Añonuevo,Fernito Llanita
66,Ray Carlo Añonuevo,Miguel Mercado
66,Ray Carlo Añonuevo,Danny C. Cheng
66,Dea Ferrer,Fernito Llanita
66,Dea Ferrer,Miguel Mercado
66,Dea Ferrer,Danny C. Cheng
66,Fernito Llanita,Miguel Mercado
66,Fernito Llanita,Danny C. Cheng
66,Miguel Mercado,Danny C. Cheng
67,Lee Javellana,Joel Addawe
68,Karl Joseph Centillo,John Raymound Lemuel Javier
68,Karl Joseph Centillo,Catherine Mae Peña
68,Karl Joseph Centillo,Jian Michael Wu
68,Karl Joseph Centillo,Jocelynn Cu
68,John Raymound Lemuel Javier,Catherine Mae Peña
68,John Raymound Lemuel Javier,Jian Michael Wu
68,John Raymound Lemuel Javier,Jocelynn Cu
68,Catherine Mae Peña,Jian Michael Wu
68,Catherine Mae Peña,Jocelynn Cu
68,Jian Michael Wu,Jocelynn Cu
69,Z. E. L. Arcega,M. T. Malit
69,Z. E. L. Arcega,J. L. Agapito
69,M. T. Malit,J. L. Agapito
70,Vincent Paul L. Carpio,Katrina Joy M. Abriol-Santos
70,Vincent Paul L. Carpio,Joseph Anthony C. Hermocilla
70,Katrina Joy M. Abriol-Santos,Joseph Anthony C. Hermocilla
72,Joel M. Addawe,Pierangela C. Gabriel
73,Nathalie Rose Lim-Cheng,Jonathan Yiu
74,Christoffer F. Kho,Gian T. Salay
74,Christoffer F. Kho,Marlene M. De Leon
74,Gian T. Salay,Marlene M. De Leon
75,Kristine Mae M. Adlaon,Charibeth Cheng
75,Kristine Mae M. Adlaon,Maristella Aquino
75,Kristine Mae M. Adlaon,Ervin Fernandez
75,Kristine Mae M. Adlaon,Kevin Villanueva
75,Charibeth Cheng,Maristella Aquino
75,Charibeth Cheng,Ervin Fernandez
75,Charibeth Cheng,Kevin Villanueva
75,Maristella Aquino,Ervin Fernandez
75,Maristella Aquino,Kevin Villanueva
75,Ervin Fernandez,Kevin Villanueva
76,Ivy Ordanel,Henry N. Adorna
77,Angelica H. Dela Cruz,Maria Cristina P. Co
77,Angelica H. Dela Cruz,Adrian Martin S. Sy
77,Angelica H. Dela Cruz,Nathaniel Oco
77,Angelica H. Dela Cruz,Rachel Edita Roxas
77,Maria Cristina P. Co,Adrian Martin S. Sy
77,Maria Cristina P. Co,Nathaniel Oco
77,Maria Cristina P. Co,Rachel Edita Roxas
77,Adrian Martin S. Sy,Nathaniel Oco
77,Adrian Martin S. Sy,Rachel Edita Roxas
77,Nathaniel Oco,Rachel Edita Roxas
78,Jhoirene B. Clemente,Henry N. Adorna
79,Louie Lester E. Pascual,John Dinnex M. Valeros
79,Louie Lester E. Pascual,Al Jamil L. Arazas
79,Louie Lester E. Pascual,Allan A. Sioson
79,John Dinnex M. Valeros,Al Jamil L. Arazas
79,John Dinnex M. Valeros,Allan A. Sioson
79,Al Jamil L. Arazas,Allan A. Sioson
80,Briane Paul V. Samson,Cymon Nicollo P. Marcaida
80,Briane Paul V. Samson,Eloisa Anne B. Gervasio
80,Briane Paul V. Samson,Ravi D. Militar
80,Briane Paul V. Samson,Jerome Ibanez
80,Cymon Nicollo P. Marcaida,Eloisa Anne B. Gervasio
80,Cymon Nicollo P. Marcaida,Ravi D. Militar
80,Cymon Nicollo P. Marcaida,Jerome Ibanez
80,Eloisa Anne B. Gervasio,Ravi D. Militar
80,Eloisa Anne B. Gervasio,Jerome Ibanez
80,Ravi D. Militar,Jerome Ibanez
81,R.W. Gardon,Kardi Teknomo
82,April Gale V. Guevara,Miguel Adrian C. Domingo
82,April Gale V. Guevara,William Emmanuel S. Yu
82,Miguel Adrian C. Domingo,William Emmanuel S. Yu
83,Marvin Joseph R. Occeño,Richard Bryann L. Chua
84,Jan Renard L. Calalang,Kevin C. Henson
84,Jan Renard L. Calalang,Benjamin Ryan B. Mendoza
84,Kevin C. Henson,Benjamin Ryan B. Mendoza
85,Joseph J. Bautista,Proceso  Fernandez Jr.
86,Javier Teodoro Flavier,Patricia Angela Abu
87,Val Randolf M. Madrid,Maricor N. Soriano
87,Val Randolf M. Madrid,Eliezer A. Albacea
87,Maricor N. Soriano,Eliezer A. Albacea
88,Maria Art Antonette Clariño,Eliezer A. Albacea
89,Nicole Marie T. Del Rosario,Marrick C. Neri
90,Jacob Chan,Paolo Gonzalez
90,Jacob Chan,Ella Mara Melanie Perez
90,Paolo Gonzalez,Ella Mara Melanie Perez
91,Glen Charles Lopez,Jun Rangie Obispo
91,Glen Charles Lopez,Mark Joseph Ronquillo
91,Jun Rangie Obispo,Mark Joseph Ronquillo
92,Lemuel Clark P. Velasco,Prinz Nikko C. Palahang
92,Lemuel Clark P. Velasco,Christelle R. Villezas
92,Lemuel Clark P. Velasco,Jerald Aldin A. Dagaang
92,Prinz Nikko C. Palahang,Christelle R. Villezas
92,Prinz Nikko C. Palahang,Jerald Aldin A. Dagaang
92,Christelle R. Villezas,Jerald Aldin A. Dagaang
93,Larry Vea,Ma. Mercedes T. Rodrigo
94,Isabel M. Constantino,Pia Melissa M. Encarnacion
94,Isabel M. Constantino,Chiara Veronica D. Señires
94,Isabel M. Constantino,Andrei D. Coronel
94,Pia Melissa M. Encarnacion,Chiara Veronica D. Señires
94,Pia Melissa M. Encarnacion,Andrei D. Coronel
94,Chiara Veronica D. Señires,Andrei D. Coronel
95,Nathalie Rose Lim-Cheng,Emmanuel Asuncion Jr.
95,Nathalie Rose Lim-Cheng,Aaron Jan Baldomar
95,Nathalie Rose Lim-Cheng,William James Custodio
95,Nathalie Rose Lim-Cheng,Yun Sup Lee
95,Emmanuel Asuncion Jr.,Aaron Jan Baldomar
95,Emmanuel Asuncion Jr.,William James Custodio
95,Emmanuel Asuncion Jr.,Yun Sup Lee
95,Aaron Jan Baldomar,William James Custodio
95,Aaron Jan Baldomar,Yun Sup Lee
95,William James Custodio,Yun Sup Lee
97,Ricardo Q. Camungao,Bobby D. Gerardo
97,Ricardo Q. Camungao,Bartolome T. Tanguilig III
97,Bobby D. Gerardo,Bartolome T. Tanguilig III
98,Paul John O. Argarin,Neil Jonathan A. Joaquin
98,Paul John O. Argarin,Richelle Ann B. Juayong
98,Paul John O. Argarin,Nestine Hope S. Hernandez
98,Paul John O. Argarin,Henry N. Adorna
98,Paul John O. Argarin,Francis George C. Cabarle
98,Neil Jonathan A. Joaquin,Richelle Ann B. Juayong
98,Neil Jonathan A. Joaquin,Nestine Hope S. Hernandez
98,Neil Jonathan A. Joaquin,Henry N. Adorna
98,Neil Jonathan A. Joaquin,Francis George C. Cabarle
98,Richelle Ann B. Juayong,Nestine Hope S. Hernandez
98,Richelle Ann B. Juayong,Henry N. Adorna
98,Richelle Ann B. Juayong,Francis George C. Cabarle
98,Nestine Hope S. Hernandez,Henry N. Adorna
98,Nestine Hope S. Hernandez,Francis George C. Cabarle
98,Henry N. Adorna,Francis George C. Cabarle
99,Jym Paul A. Carandang,John Matthew B. Villaflores
99,Jym Paul A. Carandang,Francis George C. Cabarle
99,Jym Paul A. Carandang,Henry N. Adorna
99,John Matthew B. Villaflores,Francis George C. Cabarle
99,John Matthew B. Villaflores,Henry N. Adorna
99,Francis George C. Cabarle,Henry N. Adorna
100,Charibeth Cheng,Louie Anson Ng
101,Lawrence Miguel Antonio,Cecil Jose Delfinado
101,Lawrence Miguel Antonio,Francis Jon Olaso
101,Lawrence Miguel Antonio,Joseph Ordillano
101,Lawrence Miguel Antonio,Novelle Anne Sinco
101,Lawrence Miguel Antonio,Warren Adam Sto. Tomas
101,Cecil Jose Delfinado,Francis Jon Olaso
101,Cecil Jose Delfinado,Joseph Ordillano
101,Cecil Jose Delfinado,Novelle Anne Sinco
101,Cecil Jose Delfinado,Warren Adam Sto. Tomas
101,Francis Jon Olaso,Joseph Ordillano
101,Francis Jon Olaso,Novelle Anne Sinco
101,Francis Jon Olaso,Warren Adam Sto. Tomas
101,Joseph Ordillano,Novelle Anne Sinco
101,Joseph Ordillano,Warren Adam Sto. Tomas
101,Novelle Anne Sinco,Warren Adam Sto. Tomas
102,Danny C. Cheng,Nathalie Rose Lim-Cheng
102,Danny C. Cheng,Roberto Legaspi
102,Nathalie Rose Lim-Cheng,Roberto Legaspi
103,Conrado R. Ruiz Jr,Sang N. Le
103,Conrado R. Ruiz Jr,Kok-Lim Low
103,Sang N. Le,Kok-Lim Low
104,Jayson A. Lucilo,Carlene P.C. Pilar-Arceo
104,Jayson A. Lucilo,Eduardo R. Mendoza
104,Carlene P.C. Pilar-Arceo,Eduardo R. Mendoza
105,Katrina T. Lacsamana,Mary B. Malana
105,Katrina T. Lacsamana,Albert H. Rivera
105,Katrina T. Lacsamana,Judith J. Azcarraga
105,Mary B. Malana,Albert H. Rivera
105,Mary B. Malana,Judith J. Azcarraga
105,Albert H. Rivera,Judith J. Azcarraga
106,Carlo Adriano,Raphael Bihis
106,Carlo Adriano,Jaimie Bringas
106,Carlo Adriano,Charisse Hong
106,Carlo Adriano,Ann Franchesca B. Laguna
106,Raphael Bihis,Jaimie Bringas
106,Raphael Bihis,Charisse Hong
106,Raphael Bihis,Ann Franchesca B. Laguna
106,Jaimie Bringas,Charisse Hong
106,Jaimie Bringas,Ann Franchesca B. Laguna
106,Charisse Hong,Ann Franchesca B. Laguna
107,Katrina B. Gapuz,Ephraim D. Mendoza
107,Katrina B. Gapuz,Richelle Ann B. Juayong
107,Katrina B. Gapuz,Nestine Hope S. Hernandez
107,Katrina B. Gapuz,Henry N. Adorna
107,Ephraim D. Mendoza,Richelle Ann B. Juayong
107,Ephraim D. Mendoza,Nestine Hope S. Hernandez
107,Ephraim D. Mendoza,Henry N. Adorna
107,Richelle Ann B. Juayong,Nestine Hope S. Hernandez
107,Richelle Ann B. Juayong,Henry N. Adorna
107,Nestine Hope S. Hernandez,Henry N. Adorna
108,Jordan Aiko Deja,Rafael A. Cabredo
109,Nathalie Rose Lim-Cheng,Danny C. Cheng
109,Nathalie Rose Lim-Cheng,Roberto Legaspi
109,Danny C. Cheng,Roberto Legaspi
110,Nathaniel Oco,Leif Romeritch Syliongka
110,Nathaniel Oco,Rachel Edita Roxas
110,Leif Romeritch Syliongka,Rachel Edita Roxas
111,Xavier Jeaspher Eser,Patricia Angela Abu
111,Xavier Jeaspher Eser,Proceso Fernandez Jr
111,Patricia Angela Abu,Proceso Fernandez Jr
112,Ryan Rey M. Daga,Proceso Fernandez Jr
113,Hadrian Ang,Miguel Palma
114,Leona Jean A. Lao,Vermille Ann T. Saw
115,Matthew Phillip Go,Allan Borra
116,Ann Renzel Lagunda,Genesis Ian Palaganas
116,Ann Renzel Lagunda,Francis George C. Cabarle
116,Ann Renzel Lagunda,Henry N. Adorna
116,Genesis Ian Palaganas,Francis George C. Cabarle
116,Genesis Ian Palaganas,Henry N. Adorna
116,Francis George C. Cabarle,Henry N. Adorna
117,Maureen Lyndel C. Lauron,Jaderick P. Pabico
119,Job Eliezek Bangayan,John Richard Bunyi
119,Job Eliezek Bangayan,Jeau Gigataras
119,Job Eliezek Bangayan,John Paul C. Vergara
119,John Richard Bunyi,Jeau Gigataras
119,John Richard Bunyi,John Paul C. Vergara
119,Jeau Gigataras,John Paul C. Vergara
120,Jasper S. Agustin,Proceso Fernandez Jr
121,Ma. Angelica Capuz,Selwyn Emerson Reyes
121,Ma. Angelica Capuz,Lorraine Policarpio
121,Ma. Angelica Capuz,Roger Luis Uy
121,Ma. Angelica Capuz,Brylle Joseph Quinto
121,Selwyn Emerson Reyes,Lorraine Policarpio
121,Selwyn Emerson Reyes,Roger Luis Uy
121,Selwyn Emerson Reyes,Brylle Joseph Quinto
121,Lorraine Policarpio,Roger Luis Uy
121,Lorraine Policarpio,Brylle Joseph Quinto
121,Roger Luis Uy,Brylle Joseph Quinto
122,Reinald Kim Amplayo,Jason Occidental
123,Rex P. Bringula,Roselle S. Basa
123,Rex P. Bringula,Cecilio Dela Cruz
123,Roselle S. Basa,Cecilio Dela Cruz
124,Emmanuel Jon A. Magdaluyo,Miguel Paolo A. Maglaque
124,Emmanuel Jon A. Magdaluyo,Geronimo Miguel M. Mantes
124,Emmanuel Jon A. Magdaluyo,Andrei D. Coronel
124,Miguel Paolo A. Maglaque,Geronimo Miguel M. Mantes
124,Miguel Paolo A. Maglaque,Andrei D. Coronel
124,Geronimo Miguel M. Mantes,Andrei D. Coronel
125,Earl Jay F. Ledesma,Marie Yvette B. de Robles
126,Emilio Angelo D. Alindogan,Jerry Y. Hom
126,Emilio Angelo D. Alindogan,Febrev F. Dela Cruz
126,Emilio Angelo D. Alindogan,Melissa P. Juanillo
126,Emilio Angelo D. Alindogan,Ma. Christina R. Aragon
126,Emilio Angelo D. Alindogan,Mark Lorenz F. Eustaquio
126,Jerry Y. Hom,Febrev F. Dela Cruz
126,Jerry Y. Hom,Melissa P. Juanillo
126,Jerry Y. Hom,Ma. Christina R. Aragon
126,Jerry Y. Hom,Mark Lorenz F. Eustaquio
126,Febrev F. Dela Cruz,Melissa P. Juanillo
126,Febrev F. Dela Cruz,Ma. Christina R. Aragon
126,Febrev F. Dela Cruz,Mark Lorenz F. Eustaquio
126,Melissa P. Juanillo,Ma. Christina R. Aragon
126,Melissa P. Juanillo,Mark Lorenz F. Eustaquio
126,Ma. Christina R. Aragon,Mark Lorenz F. Eustaquio
127,Nathaniel Oco,Allain Paolo Hiya
127,Nathaniel Oco,Sony Renz Manalo
127,Nathaniel Oco,Manolito Octaviano Jr.
127,Nathaniel Oco,Ryan Christopher Pinca
127,Allain Paolo Hiya,Sony Renz Manalo
127,Allain Paolo Hiya,Manolito Octaviano Jr.
127,Allain Paolo Hiya,Ryan Christopher Pinca
127,Sony Renz Manalo,Manolito Octaviano Jr.
127,Sony Renz Manalo,Ryan Christopher Pinca
127,Manolito Octaviano Jr.,Ryan Christopher Pinca
128,Reinald Kim Amplayo,Jason Occidental
129,Krystel Arriane A. Cortez,Katrina Joy H. Magno
130,Aaron Spencer K. Ngo,John Darill B. Desingco
130,Aaron Spencer K. Ngo,Macario O. Cordel II
130,Aaron Spencer K. Ngo,Roger Luis Uy
130,Aaron Spencer K. Ngo,Prane Mariel B. Ong
130,Aaron Spencer K. Ngo,Eric Camilo R. Punzalan
130,Aaron Spencer K. Ngo,Joel P. Ilao
130,John Darill B. Desingco,Macario O. Cordel II
130,John Darill B. Desingco,Roger Luis Uy
130,John Darill B. Desingco,Prane Mariel B. Ong
130,John Darill B. Desingco,Eric Camilo R. Punzalan
130,John Darill B. Desingco,Joel P. Ilao
130,Macario O. Cordel II,Roger Luis Uy
130,Macario O. Cordel II,Prane Mariel B. Ong
130,Macario O. Cordel II,Eric Camilo R. Punzalan
130,Macario O. Cordel II,Joel P. Ilao
130,Roger Luis Uy,Prane Mariel B. Ong
130,Roger Luis Uy,Eric Camilo R. Punzalan
130,Roger Luis Uy,Joel P. Ilao
130,Prane Mariel B. Ong,Eric Camilo R. Punzalan
130,Prane Mariel B. Ong,Joel P. Ilao
130,Eric Camilo R. Punzalan,Joel P. Ilao
132,Rachel Anne G. Concepcion,Marrick C. Neri
133,Tita R. Herradura,Merlin Teodosia C. Suarez
134,Raymund E. Dilan,Proceso Fernandez Jr
135,Wilben Christie R. Pagtaconan,Cecilia A. Mercado
136,Josephine S. Dela Cruz,Ma. Mercedes T. Rodrigo
138,Jessie Brian Unabia Revil,Mark Allen Secreto Saclot
139,Alexis Pantola,Deanne Erika Buena
139,Alexis Pantola,Clarissa Mae Garcia
139,Alexis Pantola,Celine Villafuerte
139,Alexis Pantola,Allison Mae Yu
139,Deanne Erika Buena,Clarissa Mae Garcia
139,Deanne Erika Buena,Celine Villafuerte
139,Deanne Erika Buena,Allison Mae Yu
139,Clarissa Mae Garcia,Celine Villafuerte
139,Clarissa Mae Garcia,Allison Mae Yu
139,Celine Villafuerte,Allison Mae Yu
141,Maria Katrina Donato,Nethania Katrina Surtida
141,Maria Katrina Donato,Charles Jansen Ignacio
141,Maria Katrina Donato,Andrei D. Coronel
141,Nethania Katrina Surtida,Charles Jansen Ignacio
141,Nethania Katrina Surtida,Andrei D. Coronel
141,Charles Jansen Ignacio,Andrei D. Coronel
142,Ramon Rodriguez,Faramarz Ataollahi
142,Ramon Rodriguez,Rafael A. Cabredo
142,Faramarz Ataollahi,Rafael A. Cabredo
143,Kenneth Royce Brigola,Christine Joy Infante
143,Kenneth Royce Brigola,Paolo Josef
143,Kenneth Royce Brigola,Annalyn Reganit
143,Kenneth Royce Brigola,Juan Lorenzo Hagad
143,Kenneth Royce Brigola,Merlin Teodosia C. Suarez
143,Christine Joy Infante,Paolo Josef
143,Christine Joy Infante,Annalyn Reganit
143,Christine Joy Infante,Juan Lorenzo Hagad
143,Christine Joy Infante,Merlin Teodosia C. Suarez
143,Paolo Josef,Annalyn Reganit
143,Paolo Josef,Juan Lorenzo Hagad
143,Paolo Josef,Merlin Teodosia C. Suarez
143,Annalyn Reganit,Juan Lorenzo Hagad
143,Annalyn Reganit,Merlin Teodosia C. Suarez
143,Juan Lorenzo Hagad,Merlin Teodosia C. Suarez
144,Roger Luis Uy,Joel P. Ilao
144,Roger Luis Uy,Rafael A. Cabredo
144,Joel P. Ilao,Rafael A. Cabredo
145,Courtney Ngo,Solomon See
145,Courtney Ngo,Roberto Legaspi
145,Solomon See,Roberto Legaspi
146,Ramon Rodriguez,Joel P. Ilao
147,Rex Bringula,Aaron Noel De Leon
147,Rex Bringula,Daryll Santos
147,Rex Bringula,Jose Mari Ramos
147,Rex Bringula,Sean Michael Amador
147,Rex Bringula,Roselle S. Basa
147,Aaron Noel De Leon,Daryll Santos
147,Aaron Noel De Leon,Jose Mari Ramos
147,Aaron Noel De Leon,Sean Michael Amador
147,Aaron Noel De Leon,Roselle S. Basa
147,Daryll Santos,Jose Mari Ramos
147,Daryll Santos,Sean Michael Amador
147,Daryll Santos,Roselle S. Basa
147,Jose Mari Ramos,Sean Michael Amador
147,Jose Mari Ramos,Roselle S. Basa
147,Sean Michael Amador,Roselle S. Basa
148,Natalie Agustin,Solomon See
149,Ma. Anne Therese Musong,Zyra Bravo
150,Gregory Cu,Jocelynn Cu
150,Gregory Cu,Fili Emerson Chua
150,Gregory Cu,Nikkol John Morales
150,Gregory Cu,John Lawrence Peñafiel
150,Gregory Cu,Jeno Paolo Rigor
150,Jocelynn Cu,Fili Emerson Chua
150,Jocelynn Cu,Nikkol John Morales
150,Jocelynn Cu,John Lawrence Peñafiel
150,Jocelynn Cu,Jeno Paolo Rigor
150,Fili Emerson Chua,Nikkol John Morales
150,Fili Emerson Chua,John Lawrence Peñafiel
150,Fili Emerson Chua,Jeno Paolo Rigor
150,Nikkol John Morales,John Lawrence Peñafiel
150,Nikkol John Morales,Jeno Paolo Rigor
150,John Lawrence Peñafiel,Jeno Paolo Rigor
151,Thomas James Z. Tiam-Lee,Solomon See
152,Jayzon Ty,Ma. Mercedes T. Rodrigo
152,Jayzon Ty,Marc Ericson Santos
152,Ma. Mercedes T. Rodrigo,Marc Ericson Santos
153,Jonathan Audric Matias,Regine Danica Regino
153,Jonathan Audric Matias,Christine Faith Tango
153,Jonathan Audric Matias,Andrei D. Coronel
153,Regine Danica Regino,Christine Faith Tango
153,Regine Danica Regino,Andrei D. Coronel
153,Christine Faith Tango,Andrei D. Coronel
154,Paolo Tensuan,Arnulfo P. Azcarraga
155,Nathaniel Oco,Leif Romeritch Syliongka
155,Nathaniel Oco,Rachel Edita Roxas
155,Nathaniel Oco,Joel P. Ilao
155,Leif Romeritch Syliongka,Rachel Edita Roxas
155,Leif Romeritch Syliongka,Joel P. Ilao
155,Rachel Edita Roxas,Joel P. Ilao
156,Mauro Edmund Arce,Marvin Limson
156,Mauro Edmund Arce,Michelle Ormoc
156,Mauro Edmund Arce,Lawrence Yap
156,Mauro Edmund Arce,Merlin Teodosia C. Suarez
156,Marvin Limson,Michelle Ormoc
156,Marvin Limson,Lawrence Yap
156,Marvin Limson,Merlin Teodosia C. Suarez
156,Michelle Ormoc,Lawrence Yap
156,Michelle Ormoc,Merlin Teodosia C. Suarez
156,Lawrence Yap,Merlin Teodosia C. Suarez
157,Tita R. Herradura,Merlin Teodosia C. Suarez
157,Tita R. Herradura,Joel P. Ilao
157,Merlin Teodosia C. Suarez,Joel P. Ilao
158,Conrad Olega,Aaron Manaloto
158,Conrad Olega,Karlo Soriano
158,Conrad Olega,Cedric Festin
158,Aaron Manaloto,Karlo Soriano
158,Aaron Manaloto,Cedric Festin
158,Karlo Soriano,Cedric Festin
159,Cedric Festin,Fatima Suzanne G. De Villa
159,Cedric Festin,Anna Janeri B. Ongcol
159,Cedric Festin,Bryan Adam B. Tan
159,Fatima Suzanne G. De Villa,Anna Janeri B. Ongcol
159,Fatima Suzanne G. De Villa,Bryan Adam B. Tan
159,Anna Janeri B. Ongcol,Bryan Adam B. Tan
160,Maritoni Escalona,Ricco Laxamana
160,Maritoni Escalona,Kevin Pagtakhan
160,Maritoni Escalona,Edward P. Tighe
160,Maritoni Escalona,Merlin Teodosia C. Suarez
160,Maritoni Escalona,Rhia Trogo
160,Ricco Laxamana,Kevin Pagtakhan
160,Ricco Laxamana,Edward P. Tighe
160,Ricco Laxamana,Merlin Teodosia C. Suarez
160,Ricco Laxamana,Rhia Trogo
160,Kevin Pagtakhan,Edward P. Tighe
160,Kevin Pagtakhan,Merlin Teodosia C. Suarez
160,Kevin Pagtakhan,Rhia Trogo
160,Edward P. Tighe,Merlin Teodosia C. Suarez
160,Edward P. Tighe,Rhia Trogo
160,Merlin Teodosia C. Suarez,Rhia Trogo
161,John Roy Geralde,Kardi Teknomo
162,Joshua Castañeda,Elijah Joshua Cayabyab
162,Joshua Castañeda,Jonathan Danao
162,Joshua Castañeda,Cedric Festin
162,Elijah Joshua Cayabyab,Jonathan Danao
162,Elijah Joshua Cayabyab,Cedric Festin
162,Jonathan Danao,Cedric Festin
163,Adrian John Biton,Marie Yvette de Robles
164,Joseph Benjamin Ferrer,Anthony Brian Dy
164,Joseph Benjamin Ferrer,Christian Edensor Arbon
164,Joseph Benjamin Ferrer,Cedric Festin
164,Anthony Brian Dy,Christian Edensor Arbon
164,Anthony Brian Dy,Cedric Festin
164,Christian Edensor Arbon,Cedric Festin
165,Kier Sostenes Guevara,Redan Benedict Alcaide
165,Kier Sostenes Guevara,Allan A. Sioson
165,Redan Benedict Alcaide,Allan A. Sioson
166,Francis Bien Jan Viernes,Chynna Julia Cordevilla
166,Francis Bien Jan Viernes,Rafael Gerard Formes
166,Francis Bien Jan Viernes,Cedric Festin
166,Chynna Julia Cordevilla,Rafael Gerard Formes
166,Chynna Julia Cordevilla,Cedric Festin
166,Rafael Gerard Formes,Cedric Festin
167,Val Randolf Madrid,Renior Abrea
168,Jazmine Paola B. Barroga,Roland Joseph M. Gudani
168,Jazmine Paola B. Barroga,Miguel Paolo M. Quijano
168,Roland Joseph M. Gudani,Miguel Paolo M. Quijano
169,Francis Jomer Gallardo,Armina Francisco
170,Geoffrey A. Solano,Bianca Camille Silmaro
170,Geoffrey A. Solano,Sun Arthur Ojeda
170,Geoffrey A. Solano,Jaime D.L. Caro
170,Bianca Camille Silmaro,Sun Arthur Ojeda
170,Bianca Camille Silmaro,Jaime D.L. Caro
170,Sun Arthur Ojeda,Jaime D.L. Caro
171,Nicole Marie T. Del Rosario,Marrick C. Neri
172,Nerio Pascual,Ariel Sison
172,Nerio Pascual,Bobby Gerardo
172,Nerio Pascual,Ruji Medina
172,Ariel Sison,Bobby Gerardo
172,Ariel Sison,Ruji Medina
172,Bobby Gerardo,Ruji Medina
173,Christian Paulo De Leon,Allan Adrian Gatchalian
173,Christian Paulo De Leon,Juan Miguel Ninobla
173,Christian Paulo De Leon,Nigel Roi Concepcion
173,Christian Paulo De Leon,David Joseph Catemprate
173,Christian Paulo De Leon,Ronald Pascual
173,Allan Adrian Gatchalian,Juan Miguel Ninobla
173,Allan Adrian Gatchalian,Nigel Roi Concepcion
173,Allan Adrian Gatchalian,David Joseph Catemprate
173,Allan Adrian Gatchalian,Ronald Pascual
173,Juan Miguel Ninobla,Nigel Roi Concepcion
173,Juan Miguel Ninobla,David Joseph Catemprate
173,Juan Miguel Ninobla,Ronald Pascual
173,Nigel Roi Concepcion,David Joseph Catemprate
173,Nigel Roi Concepcion,Ronald Pascual
173,David Joseph Catemprate,Ronald Pascual
174,Carlos Alberto Arcenas,Miguel Galace
174,Carlos Alberto Arcenas,Marlene De Leon
174,Miguel Galace,Marlene De Leon
175,Jan Apolline Estrella,Christian Philip Gelera
175,Jan Apolline Estrella,Christian Quinzon
175,Jan Apolline Estrella,Ethel Ong
175,Jan Apolline Estrella,Mc Jervis Villaruel
175,Jan Apolline Estrella,Edlen Mari Sanchez
175,Christian Philip Gelera,Christian Quinzon
175,Christian Philip Gelera,Ethel Ong
175,Christian Philip Gelera,Mc Jervis Villaruel
175,Christian Philip Gelera,Edlen Mari Sanchez
175,Christian Quinzon,Ethel Ong
175,Christian Quinzon,Mc Jervis Villaruel
175,Christian Quinzon,Edlen Mari Sanchez
175,Ethel Ong,Mc Jervis Villaruel
175,Ethel Ong,Edlen Mari Sanchez
175,Mc Jervis Villaruel,Edlen Mari Sanchez
176,Robee Khyra Mae J. Te,Janica Mae M. Lam
176,Robee Khyra Mae J. Te,Camille Alexis T.R. Saavedra
176,Robee Khyra Mae J. Te,Alden Luc R. Hade
176,Robee Khyra Mae J. Te,Ethel Ong
176,Janica Mae M. Lam,Camille Alexis T.R. Saavedra
176,Janica Mae M. Lam,Alden Luc R. Hade
176,Janica Mae M. Lam,Ethel Ong
176,Camille Alexis T.R. Saavedra,Alden Luc R. Hade
176,Camille Alexis T.R. Saavedra,Ethel Ong
176,Alden Luc R. Hade,Ethel Ong
177,Nivea Jane Urdas,Jhon Rick Salvedia
177,Nivea Jane Urdas,Drew Dolot
177,Nivea Jane Urdas,John Meynard Sanchez
177,Nivea Jane Urdas,Jay Chester Usero
177,Nivea Jane Urdas,Ava Marie Villareal
177,Nivea Jane Urdas,Dewi Retnoningsih
177,Jhon Rick Salvedia,Drew Dolot
177,Jhon Rick Salvedia,John Meynard Sanchez
177,Jhon Rick Salvedia,Jay Chester Usero
177,Jhon Rick Salvedia,Ava Marie Villareal
177,Jhon Rick Salvedia,Dewi Retnoningsih
177,Drew Dolot,John Meynard Sanchez
177,Drew Dolot,Jay Chester Usero
177,Drew Dolot,Ava Marie Villareal
177,Drew Dolot,Dewi Retnoningsih
177,John Meynard Sanchez,Jay Chester Usero
177,John Meynard Sanchez,Ava Marie Villareal
177,John Meynard Sanchez,Dewi Retnoningsih
177,Jay Chester Usero,Ava Marie Villareal
177,Jay Chester Usero,Dewi Retnoningsih
177,Ava Marie Villareal,Dewi Retnoningsih
178,Adrian R. Llamado,Jonathan B. Mamplata
181,Kristine Mae M. Adlaon,Charibeth Cheng
181,Kristine Mae M. Adlaon,Maristella Aquino
181,Kristine Mae M. Adlaon,Ervin Fernandez
181,Kristine Mae M. Adlaon,Kevin Villanueva
181,Charibeth Cheng,Maristella Aquino
181,Charibeth Cheng,Ervin Fernandez
181,Charibeth Cheng,Kevin Villanueva
181,Maristella Aquino,Ervin Fernandez
181,Maristella Aquino,Kevin Villanueva
181,Ervin Fernandez,Kevin Villanueva
182,Emmanuel M. Malaay,Michael B. Simora
182,Emmanuel M. Malaay,Ronald John O. Cabatic
182,Emmanuel M. Malaay,Ronald M. Pascual
182,Emmanuel M. Malaay,Anthony B. Castillo
182,Emmanuel M. Malaay,Ayman P. Cabotaje
182,Michael B. Simora,Ronald John O. Cabatic
182,Michael B. Simora,Ronald M. Pascual
182,Michael B. Simora,Anthony B. Castillo
182,Michael B. Simora,Ayman P. Cabotaje
182,Ronald John O. Cabatic,Ronald M. Pascual
182,Ronald John O. Cabatic,Anthony B. Castillo
182,Ronald John O. Cabatic,Ayman P. Cabotaje
182,Ronald M. Pascual,Anthony B. Castillo
182,Ronald M. Pascual,Ayman P. Cabotaje
182,Anthony B. Castillo,Ayman P. Cabotaje
183,Rozano S. Maniaol,Danilo J. Mercado
184,Nilo T. Dela Cruz II,Gimelle B. Gamilla
184,Nilo T. Dela Cruz II,Allen L. Nazareno
184,Gimelle B. Gamilla,Allen L. Nazareno
186,Angelica H. Dela Cruz,Maria Cristina P. Co
186,Angelica H. Dela Cruz,Adrian Martin S. Sy
186,Angelica H. Dela Cruz,Nathaniel Oco
186,Maria Cristina P. Co,Adrian Martin S. Sy
186,Maria Cristina P. Co,Nathaniel Oco
186,Adrian Martin S. Sy,Nathaniel Oco
187,Matthew Phillip Go,Allan Borra
188,Michael Angeles,Nathaniel Laxina
188,Michael Angeles,Maria Art Antonette Clariño
188,Michael Angeles,Rizza Mercado
188,Nathaniel Laxina,Maria Art Antonette Clariño
188,Nathaniel Laxina,Rizza Mercado
188,Maria Art Antonette Clariño,Rizza Mercado
189,Manolito Octaviano Jr.,Nathaniel Oco
189,Manolito Octaviano Jr.,Allan Borra
189,Nathaniel Oco,Allan Borra
190,Diane Manzano,Samantha Jade Sadural
191,Jeffrey A. Aborot,Henry N. Adorna
191,Jeffrey A. Aborot,Jhoirene B. Clemente
191,Henry N. Adorna,Jhoirene B. Clemente
192,Jane D. Palacio,Pierre Allan K. Santiago
192,Jane D. Palacio,John Paul V. Guim
192,Pierre Allan K. Santiago,John Paul V. Guim
193,Gabriel Dominik E. Sison,Ulyses A. Solon Jr
193,Gabriel Dominik E. Sison,Aimee B. Rarugal
193,Gabriel Dominik E. Sison,Guido David
193,Gabriel Dominik E. Sison,Giovanni A. Tapang
193,Ulyses A. Solon Jr,Aimee B. Rarugal
193,Ulyses A. Solon Jr,Guido David
193,Ulyses A. Solon Jr,Giovanni A. Tapang
193,Aimee B. Rarugal,Guido David
193,Aimee B. Rarugal,Giovanni A. Tapang
193,Guido David,Giovanni A. Tapang
195,Jaime D.L. Caro,Rommel P. Feria
195,Jaime D.L. Caro,Ariel S. Betan
195,Jaime D.L. Caro,Annette G. Lagman
195,Jaime D.L. Caro,Rowena C. Solamo
195,Jaime D.L. Caro,Paulo Noel G. Paje
195,Rommel P. Feria,Ariel S. Betan
195,Rommel P. Feria,Annette G. Lagman
195,Rommel P. Feria,Rowena C. Solamo
195,Rommel P. Feria,Paulo Noel G. Paje
195,Ariel S. Betan,Annette G. Lagman
195,Ariel S. Betan,Rowena C. Solamo
195,Ariel S. Betan,Paulo Noel G. Paje
195,Annette G. Lagman,Rowena C. Solamo
195,Annette G. Lagman,Paulo Noel G. Paje
195,Rowena C. Solamo,Paulo Noel G. Paje
196,Jeffrey A. Aborot,Henry N. Adorna
198,Richelle Ann B. Juayong,Henry N. Adorna
198,Richelle Ann B. Juayong,Kelvin C. Buño
198,Richelle Ann B. Juayong,Francis George C. Cabarle
198,Henry N. Adorna,Kelvin C. Buño
198,Henry N. Adorna,Francis George C. Cabarle
198,Kelvin C. Buño,Francis George C. Cabarle
200,Marjo-Anne B. Acob,Jean O. Loyola
202,Sherlyne L. Francia,Denise Alyssa A. Francisco
202,Sherlyne L. Francia,Richelle Ann B. Juayong
202,Sherlyne L. Francia,Henry N. Adorna
202,Denise Alyssa A. Francisco,Richelle Ann B. Juayong
202,Denise Alyssa A. Francisco,Henry N. Adorna
202,Richelle Ann B. Juayong,Henry N. Adorna
203,Gabriel Alberto A. Sanchez,Proceso Fernandez Jr
203,Gabriel Alberto A. Sanchez,John Paul C. Vergara
203,Proceso Fernandez Jr,John Paul C. Vergara
204,Rodolfo Raga Jr,Jennifer D. Raga
205,Ethel Ong,Jasmine Irene Ng
206,Harriet Angelie A. Gonzales,Kurt Junshean P. Espinosa
207,Oliver Isaac L. Chan,Patrick Joseph M. Sadornas
207,Oliver Isaac L. Chan,Rafael A. Cabredo
207,Oliver Isaac L. Chan,Charibeth Cheng
207,Patrick Joseph M. Sadornas,Rafael A. Cabredo
207,Patrick Joseph M. Sadornas,Charibeth Cheng
207,Rafael A. Cabredo,Charibeth Cheng
208,Lemuel John Beduya,Kurt Junshean P. Espinosa
209,Rancelli Jane Roxas,Dollen Lour Huang
209,Rancelli Jane Roxas,Bruce Elmer Peralta
209,Rancelli Jane Roxas,Sahnir Yap
209,Rancelli Jane Roxas,Ethel Ong
209,Dollen Lour Huang,Bruce Elmer Peralta
209,Dollen Lour Huang,Sahnir Yap
209,Dollen Lour Huang,Ethel Ong
209,Bruce Elmer Peralta,Sahnir Yap
209,Bruce Elmer Peralta,Ethel Ong
209,Sahnir Yap,Ethel Ong
210,Anne Grace H. Peralta,Layton Jan M. Tee
211,Tod Allman,Stephen Beale
211,Tod Allman,Richard Denton
211,Stephen Beale,Richard Denton
