Source,Target,Type,Id,Label,timeset,Weight
Jhoirene B. Clemente,Jeffrey A. Aborot,Undirected,1,,,1
Rizza Mercado,Maria Art Antonette ClariÃ±o,Undirected,2,,,1
Christian Dione Bergantin,Camille Bencito,Undirected,3,,,1
Mc Jervis Villaruel,Edlen Mari Sanchez,Undirected,4,,,1
David Joseph Catemprate,Christian Paulo De Leon,Undirected,5,,,1
Jym Paul Carandang,John Matthew Villaflores,Undirected,6,,,1
Mark Lorenz F. Eustaquio,Jerry Y. Hom,Undirected,7,,,1
Rafael A. Cabredo,Joel D. Ilao,Undirected,8,,,1
Faith I. Ballesteros,Ernesto C. Boydon,Undirected,9,,,1
Rommel P. Feria,Paulo Noel G. Paje,Undirected,10,,,1
Rizza Mercado,Michael Angeles,Undirected,11,,,1
Rafael A. Cabredo,Charibeth Cheng,Undirected,12,,,1
Art Maco T. Del Rosario,Amiel John B. Atienza,Undirected,13,,,1
Jhoirene B. Clemente,Henry N. Adorna,Undirected,14,,,2
Val Randolf M. Madrid,Eliezer A. Albacea,Undirected,15,,,1
Mark Arthur A. Caro,III,Undirected,16,,,1
Somnath Bera,Joshua Dizon,Undirected,17,,,1
Francis George C. Cabarle,Ann Renzel Lagunda,Undirected,18,,,1
Ronald John O. Cabatic,Emmanuel M. Malaay,Undirected,19,,,1
Merlin Teodosia C. Suarez,Mauro Edmund Arce,Undirected,20,,,1
Justin San Pedro,Jose Mirabueno,Undirected,21,,,1
Jhon Rick Salvedia,Ava Marie Villareal,Undirected,22,,,1
Victor Romero II,Albuen Jan Rosello,Undirected,23,,,1
Clarissa Mae Garcia,Alexis Pantola,Undirected,24,,,1
Ricco Laxamana,Merlin Teodosia C. Suarez,Undirected,25,,,1
Shenamae Borja,John Ultra,Undirected,26,,,1
Dollen Lour Huang,Bruce Elmer Peralta,Undirected,27,,,1
Henry N. Adorna,George C. Cabarle,Undirected,28,,,1
Ren Tristan dela Cruz,Nestine Hope S. Hernandez,Undirected,29,,,1
Rocky Marcelino,Maria Art Antonette Clariâ€‹Ã±â€‹o,Undirected,30,,,1
William Emmanuel S. Yu,Aldrich Ellis C. Asuncion,Undirected,31,,,1
Novelle AnneÂ Sinco,Cecil JoseÂ Delfinado,Undirected,32,,,1
Paolo Tensuan,Arnulfo Azcarraga,Undirected,33,,,1
David Joseph Catemprate,Allan Adrian Gatchalian,Undirected,34,,,1
Reinald Kim Amplayo,Jason Occidental,Undirected,35,,,2
Henry N. Adorna,Dionne Peter P. Cailipan,Undirected,36,,,1
David Jonathan L. Relacion,Cecil Jose A. Delfinado,Undirected,37,,,1
Ryan ChristopherÂ Pinca,Allain Paolo Hiya,Undirected,38,,,1
Zechariah B. Jimenez,Kelvin BuÃ±o,Undirected,39,,,1
Justin David Pineda,Jan Michael Bernardo,Undirected,40,,,1
Xavier Jeaspher Eser,Patricia Angela Abu,Undirected,41,,,1
Ayman P. Cabotaje,Anthony B. Castillo,Undirected,42,,,1
Ulyses A. Solon Jr,Aimee B. Rarugal,Undirected,43,,,1
May Marie P. Talandron,Jun Rangie C. Obispo,Undirected,44,,,1
Ma. Mercedes T. Rodrigo,Christine Lourrine S. Tablatin,Undirected,45,,,1
Prospero C. Naval,Jr.,Undirected,46,,,1
Maryene B. Sy Piecco,Marrick C. Neri,Undirected,47,,,1
Warren AdamÂ Sto. Tomas,Novelle AnneÂ Sinco,Undirected,48,,,1
Krystel Arriane A. Cortez,Katrina Joy H. Magno,Undirected,49,,,1
Nathaniel Oco,Joel P. Ilao,Undirected,50,,,1
Emmanuel M. Malaay,Anthony B. Castillo,Undirected,51,,,1
Rowena C. Solamo,Rommel P. Feria,Undirected,52,,,1
Joshua Manto,Baldip Bhuller,Undirected,53,,,1
Mc Jervis Villaruel,Ethel Ong,Undirected,54,,,1
Henry N. Adorna,Francis George C. Cabarle,Undirected,55,,,5
Ravi D. Militar,Cymon Nicollo P. Marcaida,Undirected,56,,,1
Maritoni Escalona,Edward Tighe,Undirected,57,,,1
Warren AdamÂ Sto. Tomas,Cecil JoseÂ Delfinado,Undirected,58,,,1
Rizza Mercado,Nathaniel Laxina,Undirected,59,,,1
Proceso  Fernandez Jr.,Joseph J. Bautista,Undirected,60,,,1
Roger Luis Uy,Prane Mariel B. Ong,Undirected,61,,,1
Merlin Teodosia C. Suarez,Joel P. Ilao,Undirected,62,,,1
Rachel Anne G. Concepcion,Marrick C. Neri,Undirected,63,,,1
Somnath Bera,Jean Malolos,Undirected,64,,,1
Louie Anson Ng,Charibeth Cheng,Undirected,65,,,1
Stephen Beale,Richard Denton,Undirected,66,,,1
Lemuel Clark P. Velasco,Christelle R. Villezas,Undirected,67,,,1
Nigel Roi Concepcion,Allan Adrian Gatchalian,Undirected,68,,,1
Michael Angeles,Maria Art Antonette ClariÃ±o,Undirected,69,,,1
Ryan Rey M. Daga,Proceso Fernandez Jr,Undirected,70,,,1
Kardi Teknomo,Alquine Roy F. Taculin,Undirected,71,,,1
Mark Isaiah Quevedo,Charl Amaba,Undirected,72,,,1
Ervin Fernandez,Charibeth Cheng,Undirected,73,,,2
Ruy Josel Verano,Joanna De Guzman,Undirected,74,,,1
Rex Bringula,Aaron Noel De Leon,Undirected,75,,,1
Ma. Regina Estuar,Kennedy E. Espina,Undirected,76,,,1
Francis Percival M. Caparas,Erika Ritzelle P. Bondoc,Undirected,77,,,1
Nathaniel Laxina,Michael Angeles,Undirected,78,,,1
Nigel Roi Concepcion,David Joseph Catemprate,Undirected,79,,,1
Christine Joy Infante,Annalyn Reganit,Undirected,80,,,1
Ma. Angelica Capuz,Lorraine Policarpio,Undirected,81,,,1
Novelle AnneÂ Sinco,Francis JonÂ Olaso,Undirected,82,,,1
Richelle Ann B. Juayong,Paul John O. Argarin,Undirected,83,,,1
Jerry Y. Hom,Emilio Angelo D. Alindogan,Undirected,84,,,1
Vincent Paul L. Carpio,Katrina Joy M. Abriol-Santos,Undirected,85,,,1
Camille Alexis T.R. Saavedra,Alden Luc R. Hade,Undirected,86,,,1
Marlene M. De Leon,Gian T. Salay,Undirected,87,,,1
Paul John O. Argarin,Henry N. Adorna,Undirected,88,,,1
Maria Cristina P. Co,Adrian Martin S. Sy,Undirected,89,,,2
Clarissa Mae Garcia,Celine Villafuerte,Undirected,90,,,1
Patricia Nicole Uy,Jayce Caylah Ching,Undirected,91,,,1
Tony Y. T. Chan,Ruji P. Medina,Undirected,92,,,1
Nathaniel Oco,Angelica H. Dela Cruz,Undirected,93,,,2
Ethel Ong,Bruce Elmer Peralta,Undirected,94,,,1
Larry Vea,Christian Dione Bergantin,Undirected,95,,,1
Giovanni A. Tapang,Aimee B. Rarugal,Undirected,96,,,1
Joshua Manto,Arvin Medina,Undirected,97,,,1
Ma. Angelica Capuz,Brylle Joseph Quinto,Undirected,98,,,1
Richelle Ann B. Juayong,Katrina B. Gapuz,Undirected,99,,,1
William Emmanuel S. Yu,Miguel Adrian C. Domingo,Undirected,100,,,1
Novelle AnneÂ Sinco,LawrenceÂ Miguel Antonio,Undirected,101,,,1
Rancelli Jane Roxas,Ethel Ong,Undirected,102,,,1
Rafael Gerard Formes,Chynna Julia Cordevilla,Undirected,103,,,1
Kurt Junshean P. Espinosa,Harriet Angelie A. Gonzales,Undirected,104,,,1
Pierre Allan K. Santiago,Jane D. Palacio,Undirected,105,,,1
Jan Michael Bernardo,Adrian Tobias,Undirected,106,,,1
Leif Romeritch Syliongka,Joel P. Ilao,Undirected,107,,,1
Ren Tristan dela Cruz,Jym Paul Carandang,Undirected,108,,,1
Richelle Ann B. Juayon,Denise Alyssa A. Francisco,Undirected,109,,,1
John Meynard Sanchez,Jhon Rick Salvedia,Undirected,110,,,1
Christian Edensor Arbon,Cedric Festin,Undirected,111,,,1
Melissa P. Juanillo,Emilio Angelo D. Alindogan,Undirected,112,,,1
Fatima Suzanne G. De Villa,Anna Janeri B. Ongcol,Undirected,113,,,1
Marie Yvette B. de Robles,Earl Jay F. Ledesma,Undirected,114,,,1
Paolo Josef,Merlin Teodosia C. Suarez,Undirected,115,,,1
Jaime DL Caro,Annette G. Lagman,Undirected,116,,,1
Sang N. Le,Conrado R. Ruiz Jr,Undirected,117,,,1
Pierangela C. Gabriel,Joel M. Addawe,Undirected,118,,,1
Ulyses A. Solon Jr,Giovanni A. Tapang,Undirected,119,,,1
Karlo Soriano,Conrad Olega,Undirected,120,,,1
Merlin Teodosia C. Suarez,Juan Lorenzo Hagad,Undirected,121,,,1
Ma. Mercedes T. Rodrigo,Josephine S. Dela Cruz,Undirected,122,,,1
John Carlo R. Gonzales,Amiel John B. Atienza,Undirected,123,,,1
Nikko T. Borja,Ken V. Hosoya,Undirected,124,,,1
Katrina B. Gapuz,Henry N. Adorna,Undirected,125,,,1
Nikkol John Morales,Jeno Paolo Rigor,Undirected,126,,,1
Jan Apolline Estrella,Edlen Mari Sanchez,Undirected,127,,,1
Paolo Josef,Kenneth Royce Brigola,Undirected,128,,,1
Roger Luis Uy,Joel D. Ilao,Undirected,129,,,1
Jose Mari Ramos,Daryll Santos,Undirected,130,,,1
Merlin Teodosia C. Suarez,Edward Tighe,Undirected,131,,,1
Chiara Veronica D. SeÃ±ires,Andrei D. Coronel,Undirected,132,,,1
Ray Carlo AÃ±onuevo,Dea Ferrer,Undirected,133,,,1
Ren Tristan dela Cruz,Dionne Peter P. Cailipan,Undirected,134,,,1
Ryan ChristopherÂ Pinca,Manolito Octaviano Jr.,Undirected,135,,,1
Robee Khyra Mae J. Te,Camille Alexis T.R. Saavedra,Undirected,136,,,1
Jay Chester Usero,Ava Marie Villareal,Undirected,137,,,1
Roger Luis Uy,Lorraine Policarpio,Undirected,138,,,1
Marjo-Anne B. Acob,Jean O. Loyola,Undirected,139,,,1
Selwyn Emerson Reyes,Ma. Angelica Capuz,Undirected,140,,,1
Joseph Benjamin Ferrer,Cedric Festin,Undirected,141,,,1
Paulo Miguel S. Capuz,Ernesto C. Boydon,Undirected,142,,,1
Maureen Lyndel C. Lauron,Jaderick P. Pabico,Undirected,143,,,1
Jan Nicole Domingo,Dion Alfonso Velasco,Undirected,144,,,1
Justin San Pedro,Christian Chan,Undirected,145,,,1
Richelle Ann B. Juayong,Neil Jonathan A. Joaquin,Undirected,146,,,1
John Carlo A. Ariola,III,Undirected,147,,,1
John Dinnex M. Valeros,Al Jamil L. Arazas,Undirected,148,,,1
Katrina Joy Abriol-Santos,Jorge Gil Angeles,Undirected,149,,,1
Macliing Gabriel Q. Aydinan,Jr.,Undirected,150,,,1
Marc Ericson Santos,Jayzon Ty,Undirected,151,,,1
Roberto Legaspi,Courtney Ngo,Undirected,152,,,1
Gabriel K. De Jesus,Alyssa Nicole N. Ty,Undirected,153,,,1
Kelvin BuÃ±o,Henry N. Adorna,Undirected,154,,,2
Ethel Ong,Christian Quinzon,Undirected,155,,,1
Ethel Ong,Christian Philip Gelera,Undirected,156,,,1
Jaime DL Caro,Ariel S. Betan,Undirected,157,,,1
Kenneth Royce Brigola,Annalyn Reganit,Undirected,158,,,1
Larry Vea,Christian Paul Mirano,Undirected,159,,,1
Lemuel John Beduya,Kurt Junshean P. Espinosa,Undirected,160,,,1
Maristella Aquino,Ervin Fernandez,Undirected,161,,,2
Mary B. Malana,Katrina T. Lacsamana,Undirected,162,,,1
Jan Apolline Estrella,Ethel Ong,Undirected,163,,,1
Michelle P. Banawan,Jasper Haven S. Briones,Undirected,164,,,1
Isabel M. Constantino,Andrei D. Coronel,Undirected,165,,,1
Jocelynn Cu,Catherine Mae PeÃ±a,Undirected,166,,,1
Solomon See,Courtney Ngo,Undirected,167,,,1
Mark Arthur A. Caro,Jaymee A. OlaÃ±o,Undirected,168,,,1
Kier Sostenes Guevara,Allan A. Sioson,Undirected,169,,,1
Nestine Hope Hernandez,Jym Paul Carandang,Undirected,170,,,1
Jhon Rick Salvedia,Drew Dolot,Undirected,171,,,1
Justin San Pedro,Andrei D. Coronel,Undirected,172,,,1
Patricia Nicole Uy,Gener Angelo Lopez,Undirected,173,,,1
Ricardo Q. Camungao,Bobby D. Gerardo,Undirected,174,,,1
Sahnir Yap,Bruce Elmer Peralta,Undirected,175,,,1
Fritz Kevin Flores,Baldip Bhuller,Undirected,176,,,1
Deanne Erika Buena,Celine Villafuerte,Undirected,177,,,1
Nerio Pascual,Bobby Gerardo,Undirected,178,,,1
Gimelle B. Gamilla,Allen L. Nazareno,Undirected,179,,,1
Deion C. Menor,Andrei D. Coronel,Undirected,180,,,1
Jose Mari Ramos,Aaron Noel De Leon,Undirected,181,,,1
Mc Jervis Villaruel,Jan Apolline Estrella,Undirected,182,,,1
Ma. Mercedes T. Rodrigo,Jayzon Ty,Undirected,183,,,1
Mark Isaiah Quevedo,Darren Josef M. Kho,Undirected,184,,,1
Celine Villafuerte,Allison Mae Yu,Undirected,185,,,1
Ren Tristan dela Cruz,Kelvin BuÃ±o,Undirected,186,,,2
Karlo Soriano,Aaron Manaloto,Undirected,187,,,1
Mark Allen Secreto Saclot,Jessie Brian Unabia Revil,Undirected,188,,,1
Giovanni A. Tapang,Gabriel Dominik E. Sison,Undirected,189,,,1
Marlene De Leon,Carlos Alberto Arcenas,Undirected,190,,,1
Roger Luis Uy,Ma. Angelica Capuz,Undirected,191,,,1
Mc Jervis Villaruel,Christian Quinzon,Undirected,192,,,1
Nigel Roi Concepcion,Christian Paulo De Leon,Undirected,193,,,1
Jose Emmanuel D. Torrijos,Adrian Cordero,Undirected,194,,,1
Sean Michael Amador,Jose Mari Ramos,Undirected,195,,,1
Zuleika A. Yee,Michelle P. Banawan,Undirected,196,,,1
Jedidiah B. Constantino,Albert A. Vinluan,Undirected,197,,,1
Dewi Retnoningsih,Ava Marie Villareal,Undirected,198,,,1
Ren Tristan dela Cruz,Jym Paul A. Carandang,Undirected,199,,,1
Jan Apolline Estrella,Christian Quinzon,Undirected,200,,,1
Janica Mae M. Lam,Alden Luc R. Hade,Undirected,201,,,1
Macario O. Cordel II,Eric R. Punzalan,Undirected,202,,,1
Ruji P. Medina,Edgar Bryan B. Nicart,Undirected,203,,,1
M. T. Malit,J. L. Agapito,Undirected,204,,,1
Nathalie Rose Lim-Cheng,Jonathan Yiu,Undirected,205,,,1
Christian Chan,Andrei D. Coronel,Undirected,206,,,1
Fernito Llanita,Danny C. Cheng,Undirected,207,,,1
Bryan Adam B. Tan,Anna Janeri B. Ongcol,Undirected,208,,,1
Paulo Noel G. Paje,Jaime DL Caro,Undirected,209,,,1
Katrina B. Calpito,Juan Miguel C. Roman,Undirected,210,,,1
Jose Mirabueno,Andrei D. Coronel,Undirected,211,,,1
Nestine Hope Hernandez,Henry N. Adorna,Undirected,212,,,1
Maria Katrina Donato,Andrei D. Coronel,Undirected,213,,,1
Macario O. Cordel II,Joel P. Ilao,Undirected,214,,,1
Mary B. Malana,Albert H. Rivera,Undirected,215,,,1
Marc Angelo P. Martinez,Amiel John B. Atienza,Undirected,216,,,1
Nivea Jane Urdas,Jhon Rick Salvedia,Undirected,217,,,1
Cedric Festin,Aaron Manaloto,Undirected,218,,,1
Naomi Mendaros,Fritz Kevin Flores,Undirected,219,,,1
Prinz Nikko C. Palahang,Christelle R. Villezas,Undirected,220,,,1
Nathaniel Oco,Leif Romeritch Syliongka,Undirected,221,,,2
Roland Joseph M. Gudani,Jazmine Paola B. Barroga,Undirected,222,,,1
Ma. Regina Estuar,Jose Emmanuel D. Torrijos,Undirected,223,,,1
Nestine Hope S. Hernandez,Katrina B. Gapuz,Undirected,224,,,1
Mark Lorenz F. Eustaquio,Ma. Christina R. Aragon,Undirected,225,,,1
John Carlo A. Ariola,Jaymee A. OlaÃ±o,Undirected,226,,,1
Roselle S. Basa,Aaron Noel De Leon,Undirected,227,,,1
Nathalie Rose Lim-Cheng,Daniel Stanley Tan,Undirected,228,,,1
Deion C. Menor,Cher T. Panlilio,Undirected,229,,,1
Kelvin BuÃ±o,Jym Paul Carandang,Undirected,230,,,1
Kok-Lim Low,Conrado R. Ruiz Jr,Undirected,231,,,1
Naomi Mendaros,Arvin Medina,Undirected,232,,,1
Lemuel Clark P. Velasco,Jerald Aldin A. Dagaang,Undirected,233,,,1
Teresita C. Limoanco,Raymund C. Sison,Undirected,234,,,1
Sony Renz Manalo,Allain Paolo Hiya,Undirected,235,,,1
Juan Miguel Ninobla,Allan Adrian Gatchalian,Undirected,236,,,1
Merlin Teodosia C. Suarez,Kenneth Royce Brigola,Undirected,237,,,1
Vileser T. Naculangga,Francis Percival M. Caparas,Undirected,238,,,1
Louie Lester E. Pascual,Allan A. Sioson,Undirected,239,,,1
Ryan ChristopherÂ Pinca,Nathaniel Oco,Undirected,240,,,1
Kevin Villanueva,Ervin Fernandez,Undirected,241,,,2
Karl Joseph Centillo,John Raymound Lemuel Javier,Undirected,242,,,1
Rafael Gerard Formes,Francis Bien Jan Viernes,Undirected,243,,,1
Merlin Teodosia C. Suarez,Lawrence Yap,Undirected,244,,,1
Kennethe Ann Q. Mina,Jasper Haven S. Briones,Undirected,245,,,1
John Cliford Rosales,Irene Therese Bermejo,Undirected,246,,,1
Rafael A. Cabredo,Jared Luke C. Pangilinan,Undirected,247,,,1
Nathaniel Oco,Manolito Octaviano Jr.,Undirected,248,,,1
Francis Bien Jan Viernes,Chynna Julia Cordevilla,Undirected,249,,,1
Roger Luis Uy,John Darill B. Desingco,Undirected,250,,,1
Irene Therese Bermejo,Dion Alfonso Velasco,Undirected,251,,,1
Richelle Ann B. Juayong,Henry N. Adorna,Undirected,252,,,3
Nivea Jane Urdas,Jay Chester Usero,Undirected,253,,,1
Nikkol John Morales,Fili Emerson Chua,Undirected,254,,,1
Ruahden F. Dang-awan,Jansen Keith Domoguen,Undirected,255,,,1
Maria Katrina Donato,Charles Jansen Ignacio,Undirected,256,,,1
Raymund E. Dilan,Proceso Fernandez Jr,Undirected,257,,,1
Kelvin BuÃ±o,Francis George C. Cabarle,Undirected,258,,,2
Charisse Hong,Ann Franchesca Laguna,Undirected,259,,,1
Miguel Galace,Carlos Alberto Arcenas,Undirected,260,,,1
Katrina Joy Abriol-Santos,Jaime Samaniego,Undirected,261,,,1
John Eddie D. Macias,Jheanel E. Estrada,Undirected,262,,,1
Samantha Jade Sadural,Diane Manzano,Undirected,263,,,1
Ma. Christina R. Aragon,Emilio Angelo D. Alindogan,Undirected,264,,,1
Henry N. Adorna,Genesis Ian Palaganas,Undirected,265,,,1
Rhia Trogo,Kevin Pagtakhan,Undirected,266,,,1
Regine Danica Regino,Andrei D. Coronel,Undirected,267,,,1
Ruy Josel Verano,Adrian Tobias,Undirected,268,,,1
Rafael A. Cabredo,Mervin Stewart C. Uy,Undirected,269,,,1
Novelle AnneÂ Sinco,JosephÂ Ordillano,Undirected,270,,,1
Jonathan Danao,Cedric Festin,Undirected,271,,,1
Joshua CastaÃ±eda,Jonathan Danao,Undirected,272,,,1
Ray Carlo AÃ±onuevo,Danny C. Cheng,Undirected,273,,,1
Nikko T. Borja,Mervin Stewart C. Uy,Undirected,274,,,1
Juan Miguel C. Roman,David Jonathan L. Relacion,Undirected,275,,,1
Febrev F. Dela Cruz,Emilio Angelo D. Alindogan,Undirected,276,,,1
George C. Cabarle,Francis,Undirected,277,,,1
Rancelli Jane Roxas,Dollen Lour Huang,Undirected,278,,,1
Paolo Josef,Christine Joy Infante,Undirected,279,,,1
Enrico M. Tria,Camille C. Diez,Undirected,280,,,1
Patricia Angela Abu,Joshua Zambales,Undirected,281,,,1
Michael B. Simora,Anthony B. Castillo,Undirected,282,,,1
Paul John O. Argarin,George C. Cabarle,Undirected,283,,,1
Macario O. Cordel II,Aaron Spencer K. Ngo,Undirected,284,,,1
John Sixto G. Santos,III,Undirected,285,,,1
Nathaniel Oco,Allain Paolo Hiya,Undirected,286,,,1
John Darill B. Desingco,Joel P. Ilao,Undirected,287,,,1
Tita R. Herradura,Joel P. Ilao,Undirected,288,,,1
Kennedy E. Espina,Irene Therese Bermejo,Undirected,289,,,1
Merlin Teodosia C. Suarez,Maritoni Escalona,Undirected,290,,,1
Joanna De Guzman,Adrian Tobias,Undirected,291,,,1
Kevin C. Henson,Benjamin Ryan B. Mendoza,Undirected,292,,,1
Ethel Ong,Dollen Lour Huang,Undirected,293,,,1
Christine Faith Tango,Andrei D. Coronel,Undirected,294,,,1
Paolo Gonzalez,Ella Mara Melanie Perez,Undirected,295,,,1
Vileser T. Naculangga,John Eddie D. Macias,Undirected,296,,,1
Joshua Manto,Fritz Kevin Flores,Undirected,297,,,1
Trisha Regine P. Wang,Cecil Jose A. Delfinado,Undirected,298,,,1
Robee Khyra Mae J. Te,Ethel Ong,Undirected,299,,,1
Joel P. Ilao,Eric R. Punzalan,Undirected,300,,,1
Mervin Stewart C. Uy,Jared Luke C. Pangilinan,Undirected,301,,,1
Selwyn Emerson Reyes,Lorraine Policarpio,Undirected,302,,,1
Carlo Adriano,Ann Franchesca Laguna,Undirected,303,,,1
Gian T. Salay,Christoffer F. Kho,Undirected,304,,,1
Marlene M. De Leon,Christoffer F. Kho,Undirected,305,,,1
Dea Ferrer,Danny C. Cheng,Undirected,306,,,1
Ruji Medina,Nerio Pascual,Undirected,307,,,1
Edlen Mari Sanchez,Christian Quinzon,Undirected,308,,,1
John Paul C. Vergara,Gabriel Alberto A. Sanchez,Undirected,309,,,1
Rowena C. Solamo,Annette G. Lagman,Undirected,310,,,1
Bobby Gerardo,Ariel Sison,Undirected,311,,,1
Jian Michael Wu,Catherine Mae PeÃ±a,Undirected,312,,,1
John Meynard Sanchez,Dewi Retnoningsih,Undirected,313,,,1
Karl Joseph Centillo,Jocelynn Cu,Undirected,314,,,1
Lorena R. Rabago,Eva R. Samillano,Undirected,315,,,1
Roger Luis Uy,Aaron Spencer K. Ngo,Undirected,316,,,1
Genesis Ian Palaganas,Ann Renzel Lagunda,Undirected,317,,,1
Nathalie Rose Lim-Cheng,Aaron Jan Baldomar,Undirected,318,,,1
Jayson A. Lucilo,Eduardo R. Mendoza,Undirected,319,,,1
Rafael A. Cabredo,Patrick Joseph M. Sadornas,Undirected,320,,,1
Proceso Fernandez Jr,John Paul C. Vergara,Undirected,321,,,1
Rex Bringula,Jose Mari Ramos,Undirected,322,,,1
Juan Miguel C. Roman,Cecil Jose A. Delfinado,Undirected,323,,,1
Marc Angelo P. Martinez,Albert A. Vinluan,Undirected,324,,,1
Jeffrey A. Aborot,Henry N. Adorna,Undirected,325,,,2
Paul John O. Argarin,Nestine Hope S. Hernandez,Undirected,326,,,1
Ren Tristan dela Cruz,Henry N. Adorna,Undirected,327,,,2
Miguel Mercado,Dea Ferrer,Undirected,328,,,1
Ethel Ong,Edlen Mari Sanchez,Undirected,329,,,1
Rancelli Jane Roxas,Bruce Elmer Peralta,Undirected,330,,,1
Jheanel E. Estrada,Francis Percival M. Caparas,Undirected,331,,,1
Roger Luis Uy,Joel P. Ilao,Undirected,332,,,1
Raphael Bihis,Ann Franchesca Laguna,Undirected,333,,,1
Mark Arthur A. Caro,John Sixto G. Santos,Undirected,334,,,1
Nestine Hope S. Hernandez,Dionne Peter P. Cailipan,Undirected,335,,,1
Nathalie Rose Lim-Cheng,Andrew Laron,Undirected,336,,,1
Jayce Caylah Ching,Gener Angelo Lopez,Undirected,337,,,1
Zechariah B. Jimenez,Jym Paul Carandang,Undirected,338,,,1
Juan Miguel Ninobla,David Joseph Catemprate,Undirected,339,,,1
Selwyn Emerson Reyes,Brylle Joseph Quinto,Undirected,340,,,1
Jocelynn Cu,Fili Emerson Chua,Undirected,341,,,1
Paulo Noel G. Paje,Annette G. Lagman,Undirected,342,,,1
Ronald Pascual,Nigel Roi Concepcion,Undirected,343,,,1
Jaime Samaniego,Almie Carajay,Undirected,344,,,1
Elijah Joshua Cayabyab,Cedric Festin,Undirected,345,,,1
Maria Isabel Saludares,Ligaya Leah Figueroa,Undirected,346,,,1
Nethania Katrina Surtida,Maria Katrina Donato,Undirected,347,,,1
Daniel Stanley Tan,Andrew Laron,Undirected,348,,,1
andÂ Jerome Ibanez,Eloisa Anne B. Gervasio,Undirected,349,,,1
Proceso Fernandez Jr,Jasper S. Agustin,Undirected,350,,,1
Gregory Cu,Fili Emerson Chua,Undirected,351,,,1
Prane Mariel B. Ong,John Darill B. Desingco,Undirected,352,,,1
Paolo Gonzalez,Jacob Chan,Undirected,353,,,1
Jedidiah Caychingco,Gregory Cu,Undirected,354,,,1
Ramon Rodriguez,Faramarz Ataollahi,Undirected,355,,,1
Z. E. L. Arcega,J. L. Agapito,Undirected,356,,,1
Nathaniel Oco,Manolito Octaviano Jr,Undirected,357,,,1
Michael B. Simora,Ayman P. Cabotaje,Undirected,358,,,1
Jonathan Audric Matias,Christine Faith Tango,Undirected,359,,,1
John D. Ultra,Danen Clint Ocfemi,Undirected,360,,,1
Justin David Pineda,Adrian Tobias,Undirected,361,,,1
Prane Mariel B. Ong,Macario O. Cordel II,Undirected,362,,,1
Deanne Erika Buena,Allison Mae Yu,Undirected,363,,,1
Ramon Rodriguez,Rafael A. Cabredo,Undirected,364,,,1
Sherlyne L. Francia,Henry N. Adorna,Undirected,365,,,1
Kevin C. Henson,Jan Renard L. Calalang,Undirected,366,,,1
John Lawrence PeÃ±afiel,Jocelynn Cu,Undirected,367,,,1
Roland Joseph M. Gudani,Miguel Paolo M. Quijano,Undirected,368,,,1
Cedric Festin,Anna Janeri B. Ongcol,Undirected,369,,,1
John Cliford Rosales,Jan Nicole Domingo,Undirected,370,,,1
Jonathan B. Mamplata,Adrian R. Llamado,Undirected,371,,,1
Michelle P. Banawan,Kennethe Ann Q. Mina,Undirected,372,,,1
Ravi D. Militar,Eloisa Anne B. Gervasio,Undirected,373,,,1
Victoria May Paguio Mendoza,Renier G. Mendoza,Undirected,374,,,1
Naomi Mendaros,Joshua Manto,Undirected,375,,,1
Ulyses A. Solon Jr,Gabriel Dominik E. Sison,Undirected,376,,,1
Katrina Joy Abriol-Santos,Almie Carajay,Undirected,377,,,1
Eva R. Samillano,Ernesto C. Boydon,Undirected,378,,,1
Rowena C. Solamo,Jaime DL Caro,Undirected,379,,,1
Neil Jonathan A. Joaquin,Francis,Undirected,380,,,1
Deanne Erika Buena,Alexis Pantola,Undirected,381,,,1
Raphael Bihis,Charisse Hong,Undirected,382,,,1
Guido David,Aimee B. Rarugal,Undirected,383,,,1
Z. E. L. Arcega,M. T. Malit,Undirected,384,,,1
Louie Lester E. Pascual,Al Jamil L. Arazas,Undirected,385,,,1
Karl Joseph Centillo,Catherine Mae PeÃ±a,Undirected,386,,,1
Nathaniel Oco,Maria Cristina P. Co,Undirected,387,,,2
Nathaniel Oco,Adrian Martin S. Sy,Undirected,388,,,2
Michelle Ormoc,Mauro Edmund Arce,Undirected,389,,,1
Michelle P. Banawan,Dewey L. Sia,Undirected,390,,,1
Kristine Mae M. Adlaon,Kevin Villanueva,Undirected,391,,,2
Richelle Ann B. Juayong,Nestine Hope S. Hernandez,Undirected,392,,,2
Maria Art Antonette Clariâ€‹Ã±â€‹o,Almie Carajay,Undirected,393,,,1
Ivy Ordanel,Henry N. Adorna,Undirected,394,,,1
JosephÂ Ordillano,Cecil JoseÂ Delfinado,Undirected,395,,,1
Melissa P. Juanillo,Jerry Y. Hom,Undirected,396,,,1
Juan Lorenzo Hagad,Christine Joy Infante,Undirected,397,,,1
Jun Rangie Obispo,Glen Charles Lopez,Undirected,398,,,1
Jay Chester Usero,Dewi Retnoningsih,Undirected,399,,,1
Nestine Hope Hernandez,Kelvin BuÃ±o,Undirected,400,,,1
Ronald John O. Cabatic,Anthony B. Castillo,Undirected,401,,,1
Regine Danica Regino,Christine Faith Tango,Undirected,402,,,1
Christian Edensor Arbon,Anthony Brian Dy,Undirected,403,,,1
Mervin Stewart C. Uy,Ken V. Hosoya,Undirected,404,,,1
Ruahden F. Dang-awan,Henry N. Adorna,Undirected,405,,,1
Ma. Regina Estuar,Dion Alfonso Velasco,Undirected,406,,,1
Janica Mae M. Lam,Ethel Ong,Undirected,407,,,1
andÂ Jerome Ibanez,Ravi D. Militar,Undirected,408,,,1
Henry N. Adorna,Francis,Undirected,409,,,1
Nestine Hope S. Hernandez,Francis George C. Cabarle,Undirected,410,,,1
Pia Melissa M. Encarnacion,Isabel M. Constantino,Undirected,411,,,1
Manolito Octaviano Jr.,Allain Paolo Hiya,Undirected,412,,,1
Lourdes J. Santiago,Deion C. Menor,Undirected,413,,,1
Maureen M. Villamor,Ma. Mercedes T. Rodrigo,Undirected,414,,,2
Jacob Chan,Ella Mara Melanie Perez,Undirected,415,,,1
Christian Paulo De Leon,Allan Adrian Gatchalian,Undirected,416,,,1
Jym Paul Carandang,Henry N. Adorna,Undirected,417,,,2
Ethel Ong,Alden Luc R. Hade,Undirected,418,,,1
Roselle S. Basa,Cecilio Dela Cruz,Undirected,419,,,1
Paulo Noel G. Paje,Ariel S. Betan,Undirected,420,,,1
Samantha G. Mallari,Ernesto C. Boydon,Undirected,421,,,1
Henry N. Adorna,Ephraim D. Mendoza,Undirected,422,,,1
Mygel Andrei Martija,Henry N. Adorna,Undirected,423,,,1
Laurenz Adriel Tolentino,Allan Borra,Undirected,424,,,1
Michelle Ormoc,Lawrence Yap,Undirected,425,,,1
Mary Jane G. Sabellano,Heinrich Von P. Woogue,Undirected,426,,,1
Sang N. Le,Kok-Lim Low,Undirected,427,,,1
John Meynard Sanchez,Ava Marie Villareal,Undirected,428,,,1
Jaimie Bringas,Charisse Hong,Undirected,429,,,1
Zyra Bravo,Ma. Anne Therese Musong,Undirected,430,,,1
Richelle Ann B. Juayong,Francis George C. Cabarle,Undirected,431,,,1
Rodolfo Raga Jr,Jennifer D. Raga,Undirected,432,,,1
John Carlo R. Gonzales,Art Maco T. Del Rosario,Undirected,433,,,1
Guido David,Gabriel Dominik E. Sison,Undirected,434,,,1
John Paul C. Vergara,Job Eliezek Bangayan,Undirected,435,,,1
Prospero C. Naval,Macliing Gabriel Q. Aydinan,Undirected,436,,,1
John Raymound Lemuel Javier,Catherine Mae PeÃ±a,Undirected,437,,,1
Jean Malolos,Henry N. Adorna,Undirected,438,,,1
Val Randolf M. Madrid,Maricor N. Soriano,Undirected,439,,,1
Karlo Soriano,Cedric Festin,Undirected,440,,,1
Richard Bryann L. Chua,Marvin Joseph R. OcceÃ±o,Undirected,441,,,1
Roberto Legaspi,Nathalie Rose Lim-Cheng,Undirected,442,,,2
Nestine Hope S. Hernandez,Neil Jonathan A. Joaquin,Undirected,443,,,1
Nikko G. Cabang,Albert A. Vinluan,Undirected,444,,,1
Jaime DL Caro,Bianca Camille Silmaro,Undirected,445,,,1
Nathaniel Oco,Allan Borra,Undirected,446,,,1
Rocky Marcelino,Katrina Joy Abriol-Santos,Undirected,447,,,1
Roselle S. Basa,Daryll Santos,Undirected,448,,,1
Jym Paul A. Carandang,Francis George C. Cabarle,Undirected,449,,,1
Ma. Regina Estuar,Adrian Cordero,Undirected,450,,,1
Neil Jonathan A. Joaquin,Henry N. Adorna,Undirected,451,,,1
Patricia Anne Eugenio,Fritz Kevin Flores,Undirected,452,,,1
Ariel S. Betan,Annette G. Lagman,Undirected,453,,,1
Raphael Bihis,Carlo Adriano,Undirected,454,,,1
Sony Renz Manalo,Ryan ChristopherÂ Pinca,Undirected,455,,,1
Mary Jane G. Sabellano,Kim Christian T. Cubillan,Undirected,456,,,1
John Eddie D. Macias,Erika Ritzelle P. Bondoc,Undirected,457,,,1
John Paul C. Vergara,Jeau Gigataras,Undirected,458,,,1
John Meynard Sanchez,Drew Dolot,Undirected,459,,,1
Trisha Regine P. Wang,Juan Miguel C. Roman,Undirected,460,,,1
Mark Joseph Ronquillo,Jun Rangie Obispo,Undirected,461,,,1
Ricco Laxamana,Rhia Trogo,Undirected,462,,,1
Vincent Paul L. Carpio,Joseph Anthony C. Hermocilla,Undirected,463,,,1
Janica Mae M. Lam,Camille Alexis T.R. Saavedra,Undirected,464,,,1
Christian Quinzon,Christian Philip Gelera,Undirected,465,,,1
Rocky Marcelino,Jorge Gil Angeles,Undirected,466,,,1
Prospero C. Naval,John Eric Z. Sy,Undirected,467,,,1
Melissa P. Juanillo,Mark Lorenz F. Eustaquio,Undirected,468,,,1
Kevin Pagtakhan,Edward Tighe,Undirected,469,,,1
Rachel Edita Roxas,Leif Romeritch Syliongka,Undirected,470,,,2
Ronald M. Pascual,Ayman P. Cabotaje,Undirected,471,,,1
Jocelynn Cu,Jeno Paolo Rigor,Undirected,472,,,1
Rachel Edita Roxas,Maria Cristina P. Co,Undirected,473,,,1
Enrico Sison,Adrian Cordero,Undirected,474,,,1
Mark Arthur A. Caro,John Carlo A. Ariola,Undirected,475,,,1
Angelyn Lao,Andrew Laron,Undirected,476,,,1
Joel P. Ilao,Aaron Spencer K. Ngo,Undirected,477,,,1
JosephÂ Ordillano,Francis JonÂ Olaso,Undirected,478,,,1
Rowena C. Solamo,Ariel S. Betan,Undirected,479,,,1
Nestine Hope Hernandez,Francis George C. Cabarle,Undirected,480,,,1
Daniel Stanley Tan,Angelyn Lao,Undirected,481,,,1
Katrina B. Calpito,Cecil Jose A. Delfinado,Undirected,482,,,1
Kristine Mae M. Adlaon,Charibeth Cheng,Undirected,483,,,2
Nikko T. Borja,Jared Luke C. Pangilinan,Undirected,484,,,1
Eric R. Punzalan,Aaron Spencer K. Ngo,Undirected,485,,,1
Carlo D. Mendoza,Alyssa Nicole N. Ty,Undirected,486,,,1
Lourdes J. Santiago,Andrei D. Coronel,Undirected,487,,,1
John Paul C. Vergara,Alyssa Nicole N. Ty,Undirected,488,,,1
Ronald Pascual,Allan Adrian Gatchalian,Undirected,489,,,1
Nestine Hope S. Hernandez,Kelvin BuÃ±o,Undirected,490,,,1
Roger Luis Uy,Macario O. Cordel II,Undirected,491,,,1
R.W. Gardon,Kardi Teknomo,Undirected,492,,,1
Tod Allman,Richard Denton,Undirected,493,,,1
Job Eliezek Bangayan,Jeau Gigataras,Undirected,494,,,1
Zechariah B. Jimenez,Nestine Hope Hernandez,Undirected,495,,,1
Oliver Isaac L. Chan,Charibeth Cheng,Undirected,496,,,1
John Matthew Villaflores,Francis George C. Cabarle,Undirected,497,,,1
Melissa P. Juanillo,Ma. Christina R. Aragon,Undirected,498,,,1
Rafael A. Cabredo,Oliver Isaac L. Chan,Undirected,499,,,1
Nikko G. Cabang,Marc Angelo P. Martinez,Undirected,500,,,1
Patricia Angela Abu,Javier Teodoro Flavier,Undirected,501,,,1
Miguel Mercado,Danny C. Cheng,Undirected,502,,,1
Ruy Josel Verano,Jan Michael Bernardo,Undirected,503,,,1
Juan Lorenzo Hagad,Annalyn Reganit,Undirected,504,,,1
Richelle Ann B. Juayong,Francis,Undirected,505,,,1
Joseph Benjamin Ferrer,Anthony Brian Dy,Undirected,506,,,1
Marco C. Lucena,John Paul C. Vergara,Undirected,507,,,1
Ronald Pascual,Christian Paulo De Leon,Undirected,508,,,1
Rommel P. Feria,Jaime DL Caro,Undirected,509,,,1
Charles Jansen Ignacio,Andrei D. Coronel,Undirected,510,,,1
Jorge Gil Angeles,Jaime Samaniego,Undirected,511,,,1
William JamesÂ Custodio and Yun Sup Lee,Emmanuel Asuncion Jr.,Undirected,512,,,1
John Paul C. Vergara,Gabriel K. De Jesus,Undirected,513,,,1
Mark Lorenz F. Eustaquio,Emilio Angelo D. Alindogan,Undirected,514,,,1
Richelle Ann B. Juayong,George C. Cabarle,Undirected,515,,,1
Jym Paul A. Carandang,Dionne Peter P. Cailipan,Undirected,516,,,1
Ronald M. Pascual,Michael B. Simora,Undirected,517,,,1
Selwyn Emerson Reyes,Roger Luis Uy,Undirected,518,,,1
Joanna De Guzman,Jan Michael Bernardo,Undirected,519,,,1
Karl Joseph Centillo,Jian Michael Wu,Undirected,520,,,1
Nestine Hope S. Hernandez,Francis,Undirected,521,,,1
Paulo Miguel S. Capuz,Lorena R. Rabago,Undirected,522,,,1
Francis George C. Cabarle,Dionne Peter P. Cailipan,Undirected,523,,,1
Thelma Palaoag,Christian dela Cruz,Undirected,524,,,1
Kelvin BuÃ±o,Jym Paul A. Carandang,Undirected,525,,,1
John Raymound Lemuel Javier,Jian Michael Wu,Undirected,526,,,1
Kardi Teknomo,John Roy Geralde,Undirected,527,,,1
Rhia Trogo,Merlin Teodosia C. Suarez,Undirected,528,,,1
Jennifer C. Ureta,Conrado R. Ruiz Jr,Undirected,529,,,1
Eloisa Anne B. Gervasio,Cymon Nicollo P. Marcaida,Undirected,530,,,1
Francis Jomer Gallardo,Armina Francisco,Undirected,531,,,1
Maria Isabel Saludares,Charles Kevin Verdad,Undirected,532,,,1
Cymon Nicollo P. Marcaida,Briane Paul V. Samson,Undirected,533,,,1
Naomi Mendaros,Baldip Bhuller,Undirected,534,,,1
Nestine Hope S. Hernandez,Henry N. Adorna,Undirected,535,,,3
Marc Angelo P. Martinez,Carlo Marco S. Ortiz,Undirected,536,,,1
Marc Ericson Santos,Ma. Mercedes T. Rodrigo,Undirected,537,,,1
Maritoni Escalona,Kevin Pagtakhan,Undirected,538,,,1
Jan Nicole Domingo,Irene Therese Bermejo,Undirected,539,,,1
Tita R. Herradura,Merlin Teodosia C. Suarez,Undirected,540,,,2
William Emmanuel S. Yu,April Gale V. Guevara,Undirected,541,,,1
Trisha Regine P. Wang,David Jonathan L. Relacion,Undirected,542,,,1
John Carlo R. Gonzales,Carlo Marco S. Ortiz,Undirected,543,,,1
Richelle Ann B. Juayong,Kelvin C. Buno,Undirected,544,,,1
Sahnir Yap,Rancelli Jane Roxas,Undirected,545,,,1
Carlo Marco S. Ortiz,Amiel John B. Atienza,Undirected,546,,,1
Nikkol John Morales,Gregory Cu,Undirected,547,,,1
Jonathan Danao,Elijah Joshua Cayabyab,Undirected,548,,,1
Jerry Y. Hom,Febrev F. Dela Cruz,Undirected,549,,,1
Emmanuel M. Malaay,Ayman P. Cabotaje,Undirected,550,,,1
William Emmanuel S. Yu,Brian Christopher T. Guadalupe,Undirected,551,,,1
William JamesÂ Custodio and Yun Sup Lee,Aaron Jan Baldomar,Undirected,552,,,1
John Cliford Rosales,Dion Alfonso Velasco,Undirected,553,,,1
Cher T. Panlilio,Andrei D. Coronel,Undirected,554,,,1
Michelle Ormoc,Marvin Limson,Undirected,555,,,1
Zechariah B. Jimenez,Henry N. Adorna,Undirected,556,,,1
John Sixto G. Santos,John Carlo A. Ariola,Undirected,557,,,1
Marc Angelo P. Martinez,Jedidiah B. Constantino,Undirected,558,,,1
Rafael A. Cabredo,Ken V. Hosoya,Undirected,559,,,1
Paolo Josef,Annalyn Reganit,Undirected,560,,,1
Sean Michael Amador,Aaron Noel De Leon,Undirected,561,,,1
Katrina T. Lacsamana,Albert H. Rivera,Undirected,562,,,1
Judith J. Azcarraga,Albert H. Rivera,Undirected,563,,,1
John Richard Bunyi,Job Eliezek Bangayan,Undirected,564,,,1
Sony Renz Manalo,Manolito Octaviano Jr.,Undirected,565,,,1
Joshua CastaÃ±eda,Elijah Joshua Cayabyab,Undirected,566,,,1
Rachel Edita Roxas,Joel P. Ilao,Undirected,567,,,1
Rocky Marcelino,Jaime Samaniego,Undirected,568,,,1
Roselle S. Basa,Rex P. Bringula,Undirected,569,,,1
Fatima Suzanne G. De Villa,Cedric Festin,Undirected,570,,,1
Trisha Regine P. Wang,Katrina B. Calpito,Undirected,571,,,1
John Paul C. Vergara,Enrico M. Tria,Undirected,572,,,1
Conrad Olega,Cedric Festin,Undirected,573,,,1
Nikko G. Cabang,Jedidiah B. Constantino,Undirected,574,,,1
Allan A. Sioson,Al Jamil L. Arazas,Undirected,575,,,1
V.M.II Romero,C.D.S. Ergina,Undirected,576,,,1
Chynna Julia Cordevilla,Cedric Festin,Undirected,577,,,1
Nestine Hope S. Hernandez,Jym Paul A. Carandang,Undirected,578,,,1
Gabriel Dominik E. Sison,Aimee B. Rarugal,Undirected,579,,,1
Prinz Nikko C. Palahang,Jerald Aldin A. Dagaang,Undirected,580,,,1
Val Randolf Madrid,Renior Abrea,Undirected,581,,,1
Redan Benedict Alcaide,Kier Sostenes Guevara,Undirected,582,,,1
Fernito Llanita,Dea Ferrer,Undirected,583,,,1
Charisse Hong,Carlo Adriano,Undirected,584,,,1
Paulo Miguel S. Capuz,Eva R. Samillano,Undirected,585,,,1
Rafael Gerard Formes,Cedric Festin,Undirected,586,,,1
Brian Christopher T. Guadalupe,Aldrich Ellis C. Asuncion,Undirected,587,,,1
Sean Michael Amador,Roselle S. Basa,Undirected,588,,,1
Samantha G. Mallari,Lorena R. Rabago,Undirected,589,,,1
Wilben Christie R. Pagtaconan,Cecilia A. Mercado,Undirected,590,,,1
Miguel Paolo A.Â Maglaque,Andrei D.Â Coronel,Undirected,591,,,1
Tony Y. T. Chan,Edgar Bryan B. Nicart,Undirected,592,,,1
Nathalie Rose Lim-Cheng,Danny Cheng,Undirected,593,,,1
Merlin Teodosia C. Suarez,Annalyn Reganit,Undirected,594,,,1
Merlin Teodosia C. Suarez,Kevin Pagtakhan,Undirected,595,,,1
Lorraine Policarpio,Brylle Joseph Quinto,Undirected,596,,,1
Francis Bien Jan Viernes,Cedric Festin,Undirected,597,,,1
Prane Mariel B. Ong,Aaron Spencer K. Ngo,Undirected,598,,,1
Sherlyne L. Francia,Richelle Ann B. Juayon,Undirected,599,,,1
Gabriel K. De Jesus,Carlo D. Mendoza,Undirected,600,,,1
Katrina B. Calpito,David Jonathan L. Relacion,Undirected,601,,,1
Lorena R. Rabago,Ernesto C. Boydon,Undirected,602,,,1
Proceso Fernandez Jr,Clarisa Albarillo,Undirected,603,,,1
Winston M. Tabada,Jerik G. Beltran,Undirected,604,,,1
Warren AdamÂ Sto. Tomas,LawrenceÂ Miguel Antonio,Undirected,605,,,1
Kennedy E. Espina,Jan Nicole Domingo,Undirected,606,,,1
Paulo Miguel S. Capuz,Faith I. Ballesteros,Undirected,607,,,1
Kelvin C. Buno,Francis George C. Cabarle,Undirected,608,,,1
Faith I. Ballesteros,Eva R. Samillano,Undirected,609,,,1
Victoria May Paguio Mendoza,Jayrah Bena E. RiÃ±on,Undirected,610,,,1
Raymund C. Sison,Neil Patrick Del Gallego,Undirected,611,,,1
Jonathan Audric Matias,Andrei D. Coronel,Undirected,612,,,1
John Dinnex M. Valeros,Allan A. Sioson,Undirected,613,,,1
Proceso Fernandez Jr,Gabriel Alberto A. Sanchez,Undirected,614,,,1
Kristine Mae M. Adlaon,Ervin Fernandez,Undirected,615,,,2
Thomas James Tiam-Lee,Solomon See,Undirected,616,,,1
Cedric Festin,Anthony Brian Dy,Undirected,617,,,1
Ruji Medina,Ariel Sison,Undirected,618,,,1
Larry Vea,Camille Bencito,Undirected,619,,,1
Ma. Regina Estuar,Enrico Sison,Undirected,620,,,1
Vileser T. Naculangga,Jheanel E. Estrada,Undirected,621,,,1
Jocelynn Cu,Jian Michael Wu,Undirected,622,,,1
Solomon See,Roberto Legaspi,Undirected,623,,,1
Jasmine Irene Ng,Ethel Ong,Undirected,624,,,1
Kelvin BuÃ±o,Dionne Peter P. Cailipan,Undirected,625,,,1
Kennedy E. Espina,John Cliford Rosales,Undirected,626,,,1
May Marie P. Talandron,Joshua C. Martinez,Undirected,627,,,1
Paolo Josef,Juan Lorenzo Hagad,Undirected,628,,,1
Miguel Paolo A.Â Maglaque,Emmanuel Jon A.Â Magdaluyo,Undirected,629,,,1
Paul John O. Argarin,Francis,Undirected,630,,,1
Mark Lorenz F. Eustaquio,Febrev F. Dela Cruz,Undirected,631,,,1
Rommel P. Feria,Ariel S. Betan,Undirected,632,,,1
LawrenceÂ Miguel Antonio,Francis JonÂ Olaso,Undirected,633,,,1
Matthew Phillip Go,Allan Borra,Undirected,634,,,2
Paul John O. Argarin,Neil Jonathan A. Joaquin,Undirected,635,,,1
Ulyses A. Solon Jr,Guido David,Undirected,636,,,1
John Darill B. Desingco,Aaron Spencer K. Ngo,Undirected,637,,,1
Roger Luis Uy,Laurenz Adriel Tolentino,Undirected,638,,,1
Neil Patrick Del Gallego,Arvin Christopher Reyes,Undirected,639,,,1
Jerald Aldin A. Dagaang,Christelle R. Villezas,Undirected,640,,,1
Rafael A. Cabredo,Faramarz Ataollahi,Undirected,641,,,1
Mary B. Malana,Judith J. Azcarraga,Undirected,642,,,1
Guido David,Giovanni A. Tapang,Undirected,643,,,1
Kristine Mae M. Adlaon,Judith J. Azcarraga,Undirected,644,,,1
Rachel Edita Roxas,Angelica H. Dela Cruz,Undirected,645,,,1
Nikkol John Morales,John Lawrence PeÃ±afiel,Undirected,646,,,1
Kelvin C. Buno,Henry N. Adorna,Undirected,647,,,1
Sahnir Yap,Dollen Lour Huang,Undirected,648,,,1
Samantha G. Mallari,Faith I. Ballesteros,Undirected,649,,,1
Bobby D. Gerardo,Bartolome T. Tanguilig III,Undirected,650,,,1
Christian Paul Mirano,Camille Bencito,Undirected,651,,,1
Charl Amaba,Angie M. Ceniza,Undirected,652,,,1
andÂ Jerome Ibanez,Cymon Nicollo P. Marcaida,Undirected,653,,,1
Neila Paglinawan,Henry N. Adorna,Undirected,654,,,1
Clarissa Mae Garcia,Allison Mae Yu,Undirected,655,,,1
Jym Paul A. Carandang,Henry N. Adorna,Undirected,656,,,1
Ricco Laxamana,Maritoni Escalona,Undirected,657,,,1
Lee Javellana,Joel Addawe,Undirected,658,,,1
Ruy Josel Verano,Justin David Pineda,Undirected,659,,,1
Pia Melissa M. Encarnacion,Chiara Veronica D. SeÃ±ires,Undirected,660,,,1
Somnath Bera,Henry N. Adorna,Undirected,661,,,1
Henry N. Adorna,Denise Alyssa A. Francisco,Undirected,662,,,1
Marc Angelo P. Martinez,John Carlo R. Gonzales,Undirected,663,,,1
Ravi D. Militar,Briane Paul V. Samson,Undirected,664,,,1
Jun Rangie C. Obispo,Joshua C. Martinez,Undirected,665,,,1
Ren Tristan dela Cruz,Nestine Hope Hernandez,Undirected,666,,,1
Jaimie Bringas,Ann Franchesca Laguna,Undirected,667,,,1
John Lawrence PeÃ±afiel,Fili Emerson Chua,Undirected,668,,,1
Eloisa Anne B. Gervasio,Briane Paul V. Samson,Undirected,669,,,1
Allison Mae Yu,Alexis Pantola,Undirected,670,,,1
Manolito Octaviano Jr,Allan Borra,Undirected,671,,,1
Ramon Rodriguez,Joel P. Ilao,Undirected,672,,,1
Robee Khyra Mae J. Te,Alden Luc R. Hade,Undirected,673,,,1
Jhon Rick Salvedia,Dewi Retnoningsih,Undirected,674,,,1
Justin David Pineda,Joanna De Guzman,Undirected,675,,,1
Nathaniel Laxina,Maria Art Antonette ClariÃ±o,Undirected,676,,,1
Joseph Benjamin Ferrer,Christian Edensor Arbon,Undirected,677,,,1
Sean Michael Amador,Rex Bringula,Undirected,678,,,1
Zechariah B. Jimenez,Ren Tristan dela Cruz,Undirected,679,,,1
Ligaya Leah Figueroa,Ara Abigail Ambita,Undirected,680,,,1
Nivea Jane Urdas,Dewi Retnoningsih,Undirected,681,,,1
Robee Khyra Mae J. Te,Janica Mae M. Lam,Undirected,682,,,1
Mc Jervis Villaruel,Christian Philip Gelera,Undirected,683,,,1
Jaymee A. OlaÃ±o,III,Undirected,684,,,1
Maria Art Antonette Clariâ€‹Ã±â€‹o,Jorge Gil Angeles,Undirected,685,,,1
Nicole Marie T. Del Rosario,Marrick C. Neri,Undirected,686,,,2
Maristella Aquino,Charibeth Cheng,Undirected,687,,,2
Rhia Trogo,Maritoni Escalona,Undirected,688,,,1
Roger Luis Uy,Eric R. Punzalan,Undirected,689,,,1
Sherlyne L. Francia,Denise Alyssa A. Francisco,Undirected,690,,,1
Geronimo Miguel M.Â Mantes,Andrei D.Â Coronel,Undirected,691,,,1
Nathalie Rose Lim-Cheng,Emmanuel Asuncion Jr.,Undirected,692,,,1
Nilo T. Dela Cruz II,Allen L. Nazareno,Undirected,693,,,1
Richelle Ann B. Juayon,Henry N. Adorna,Undirected,694,,,1
Rachel Edita Roxas,Adrian Martin S. Sy,Undirected,695,,,1
Ethel Ong,Camille Alexis T.R. Saavedra,Undirected,696,,,1
Remedios de Dios Bulos,Neil Patrick Del Gallego,Undirected,697,,,1
Rex P. Bringula,Cecilio Dela Cruz,Undirected,698,,,1
Miguel Paolo M. Quijano,Jazmine Paola B. Barroga,Undirected,699,,,1
Jose Emmanuel D. Torrijos,Enrico Sison,Undirected,700,,,1
Samantha G. Mallari,Paulo Miguel S. Capuz,Undirected,701,,,1
Prane Mariel B. Ong,Joel P. Ilao,Undirected,702,,,1
Celine Villafuerte,Alexis Pantola,Undirected,703,,,1
Lourdes J. Santiago,Cher T. Panlilio,Undirected,704,,,1
Miguel Palma,Hadrian Ang,Undirected,705,,,1
Jaime DL Caro,Geoffrey Solano,Undirected,706,,,1
Ren Tristan dela Cruz,Francis George C. Cabarle,Undirected,707,,,2
Marvin Limson,Lawrence Yap,Undirected,708,,,1
Rozano S. Maniaol,Danilo J. Mercado,Undirected,709,,,1
Fatima Suzanne G. De Villa,Bryan Adam B. Tan,Undirected,710,,,1
Zuleika A. Yee,Dewey L. Sia,Undirected,711,,,1
Mark Joseph Ronquillo,Glen Charles Lopez,Undirected,712,,,1
Nestine Hope S. Hernandez,Ephraim D. Mendoza,Undirected,713,,,1
Macario O. Cordel II,John Darill B. Desingco,Undirected,714,,,1
Warren AdamÂ Sto. Tomas,Francis JonÂ Olaso,Undirected,715,,,1
Mary Grace Malana,Laurenz Adriel Tolentino,Undirected,716,,,1
Jr.,John Eric Z. Sy,Undirected,717,,,1
Kenneth Royce Brigola,Juan Lorenzo Hagad,Undirected,718,,,1
Roger Luis Uy,Mary Grace Malana,Undirected,719,,,1
Sun Arthur Ojeda,Jaime DL Caro,Undirected,720,,,1
Daryll Santos,Aaron Noel De Leon,Undirected,721,,,1
Jym Paul Carandang,Francis George C. Cabarle,Undirected,722,,,2
Jhon Rick Salvedia,Jay Chester Usero,Undirected,723,,,1
Miguel Adrian C. Domingo,April Gale V. Guevara,Undirected,724,,,1
Conrad Olega,Aaron Manaloto,Undirected,725,,,1
Rachel Edita Roxas,Nathaniel Oco,Undirected,726,,,3
Ronald M. Pascual,Emmanuel M. Malaay,Undirected,727,,,1
Henry N. Adorna,Ann Renzel Lagunda,Undirected,728,,,1
John Richard Bunyi,John Paul C. Vergara,Undirected,729,,,1
Nethania Katrina Surtida,Charles Jansen Ignacio,Undirected,730,,,1
Ruji Medina,Bobby Gerardo,Undirected,731,,,1
Rowena C. Solamo,Paulo Noel G. Paje,Undirected,732,,,1
Layton Jan M. Tee,Anne Grace H. Peralta,Undirected,733,,,1
Jayson A. Lucilo,Carlene P.C. Pilar-Arceo,Undirected,734,,,1
Neila Paglinawan,Mygel Andrei Martija,Undirected,735,,,1
Rafael A. Cabredo,Jordan Aiko Deja,Undirected,736,,,1
Patricia Anne Eugenio,Gregory Cu,Undirected,737,,,1
Jansen Keith Domoguen,Henry N. Adorna,Undirected,738,,,1
Vanlalhruaii Swansi,Judith J. Azcarraga,Undirected,739,,,1
Geoffrey Solano,Bianca Camille Silmaro,Undirected,740,,,1
Nivea Jane Urdas,Ava Marie Villareal,Undirected,741,,,1
Patrick Joseph M. Sadornas,Oliver Isaac L. Chan,Undirected,742,,,1
Deanne Erika Buena,Clarissa Mae Garcia,Undirected,743,,,1
Warren AdamÂ Sto. Tomas,JosephÂ Ordillano,Undirected,744,,,1
Ligaya Leah Figueroa,Charles Kevin Verdad,Undirected,745,,,1
Genesis Ian Palaganas,Francis George C. Cabarle,Undirected,746,,,1
Rocky Marcelino,Almie Carajay,Undirected,747,,,1
Pierre Allan K. Santiago,John Paul V. Guim,Undirected,748,,,1
Jaimie Bringas,Carlo Adriano,Undirected,749,,,1
Ken V. Hosoya,Jared Luke C. Pangilinan,Undirected,750,,,1
Roberto Legaspi,Danny C. Cheng,Undirected,751,,,1
Nikkol John Morales,Jocelynn Cu,Undirected,752,,,1
John Sixto G. Santos,Jaymee A. OlaÃ±o,Undirected,753,,,1
Nivea Jane Urdas,John Meynard Sanchez,Undirected,754,,,1
Ronald M. Pascual,Anthony B. Castillo,Undirected,755,,,1
Solomon See,Natalie Agustin,Undirected,756,,,1
Miguel Paolo A.Â Maglaque,Geronimo Miguel M.Â Mantes,Undirected,757,,,1
Jose Mirabueno,Christian Chan,Undirected,758,,,1
Nilo T. Dela Cruz II,Gimelle B. Gamilla,Undirected,759,,,1
Tod Allman,Stephen Beale,Undirected,760,,,1
Drew Dolot,Dewi Retnoningsih,Undirected,761,,,1
Rhia Trogo,Edward Tighe,Undirected,762,,,1
Prane Mariel B. Ong,Eric R. Punzalan,Undirected,763,,,1
Michael B. Simora,Emmanuel M. Malaay,Undirected,764,,,1
Ray Carlo AÃ±onuevo,Fernito Llanita,Undirected,765,,,1
Roselle S. Basa,Jose Mari Ramos,Undirected,766,,,1
Maricor N. Soriano,Eliezer A. Albacea,Undirected,767,,,1
William JamesÂ Custodio and Yun Sup Lee,Nathalie Rose Lim-Cheng,Undirected,768,,,1
Maria Cristina P. Co,Angelica H. Dela Cruz,Undirected,769,,,2
Ronald M. Pascual,Ronald John O. Cabatic,Undirected,770,,,1
Conrado R. Ruiz Jr,Christian Terrence Esguerra,Undirected,771,,,1
LawrenceÂ Miguel Antonio,JosephÂ Ordillano,Undirected,772,,,1
Raphael Bihis,Jaimie Bringas,Undirected,773,,,1
Roselle S. Basa,Rex Bringula,Undirected,774,,,1
Proceso Fernandez Jr,Patricia Angela Abu,Undirected,775,,,1
Melissa P. Juanillo,Febrev F. Dela Cruz,Undirected,776,,,1
Juan Miguel Ninobla,Christian Paulo De Leon,Undirected,777,,,1
Lorena R. Rabago,Faith I. Ballesteros,Undirected,778,,,1
Isabel M. Constantino,Chiara Veronica D. SeÃ±ires,Undirected,779,,,1
Nerio Pascual,Ariel Sison,Undirected,780,,,1
Ma. Christina R. Aragon,Febrev F. Dela Cruz,Undirected,781,,,1
John Richard Bunyi,Jeau Gigataras,Undirected,782,,,1
Kennedy E. Espina,Dion Alfonso Velasco,Undirected,783,,,1
Harvey Ian Arbas,Ara Abigail Ambita,Undirected,784,,,1
John Lawrence PeÃ±afiel,Gregory Cu,Undirected,785,,,1
Katrina T. Lacsamana,Judith J. Azcarraga,Undirected,786,,,1
Drew Dolot,Ava Marie Villareal,Undirected,787,,,1
Louie Lester E. Pascual,John Dinnex M. Valeros,Undirected,788,,,1
Maria Art Antonette Clariâ€‹Ã±â€‹o,Jaime Samaniego,Undirected,789,,,1
Zechariah B. Jimenez,Francis George C. Cabarle,Undirected,790,,,1
John Eddie D. Macias,Francis Percival M. Caparas,Undirected,791,,,1
Xavier Jeaspher Eser,Proceso Fernandez Jr,Undirected,792,,,1
Sean Michael Amador,Daryll Santos,Undirected,793,,,1
John Darill B. Desingco,Eric R. Punzalan,Undirected,794,,,1
Maristella Aquino,Kevin Villanueva,Undirected,795,,,2
Richelle Ann B. Juayong,Ephraim D. Mendoza,Undirected,796,,,1
Emmanuel Asuncion Jr.,Aaron Jan Baldomar,Undirected,797,,,1
Jeno Paolo Rigor,Gregory Cu,Undirected,798,,,1
Darren Josef M. Kho,Angie M. Ceniza,Undirected,799,,,1
Jocelynn Cu,Gregory Cu,Undirected,800,,,1
andÂ Jerome Ibanez,Briane Paul V. Samson,Undirected,801,,,1
Rafael A. Cabredo,Nikko T. Borja,Undirected,802,,,1
John Paul C. Vergara,Camille C. Diez,Undirected,803,,,1
Merlin Teodosia C. Suarez,Marvin Limson,Undirected,804,,,1
John Raymound Lemuel Javier,Jocelynn Cu,Undirected,805,,,1
Baldip Bhuller,Arvin Medina,Undirected,806,,,1
Miguel Galace,Marlene De Leon,Undirected,807,,,1
Christian Paul Mirano,Christian Dione Bergantin,Undirected,808,,,1
Regine Danica Regino,Jonathan Audric Matias,Undirected,809,,,1
John Meynard Sanchez,Jay Chester Usero,Undirected,810,,,1
Raymund C. Sison,John Paul S. Guzman,Undirected,811,,,1
Nigel Roi Concepcion,Juan Miguel Ninobla,Undirected,812,,,1
Ronald John O. Cabatic,Ayman P. Cabotaje,Undirected,813,,,1
John Paul C. Vergara,Carlo D. Mendoza,Undirected,814,,,1
Roberto Legaspi,Danny Cheng,Undirected,815,,,1
John Paul V. Guim,Jane D. Palacio,Undirected,816,,,1
Jorge Gil Angeles,Almie Carajay,Undirected,817,,,1
Richard Bryann L. Chua,Berwin Jarret T. Yu,Undirected,818,,,1
Joshua Dizon,Henry N. Adorna,Undirected,819,,,1
Teresita C. Limoanco,John Paul S. Guzman,Undirected,820,,,1
Emmanuel Jon A.Â Magdaluyo,Andrei D.Â Coronel,Undirected,821,,,1
Marie Yvette de Robles,Adrian John Biton,Undirected,822,,,1
Rommel P. Feria,Annette G. Lagman,Undirected,823,,,1
Marc Angelo P. Martinez,Art Maco T. Del Rosario,Undirected,824,,,1
Jay Chester Usero,Drew Dolot,Undirected,825,,,1
Mauro Edmund Arce,Lawrence Yap,Undirected,826,,,1
Kim Christian T. Cubillan,Heinrich Von P. Woogue,Undirected,827,,,1
Nestine Hope S. Hernandez,George C. Cabarle,Undirected,828,,,1
Sun Arthur Ojeda,Bianca Camille Silmaro,Undirected,829,,,1
Sun Arthur Ojeda,Geoffrey Solano,Undirected,830,,,1
Ronald Pascual,Juan Miguel Ninobla,Undirected,831,,,1
Ricardo Q. Camungao,Bartolome T. Tanguilig III,Undirected,832,,,1
Edlen Mari Sanchez,Christian Philip Gelera,Undirected,833,,,1
Eduardo R. Mendoza,Carlene P.C. Pilar-Arceo,Undirected,834,,,1
Ronald Pascual,David Joseph Catemprate,Undirected,835,,,1
Ray Carlo AÃ±onuevo,Miguel Mercado,Undirected,836,,,1
John Lawrence PeÃ±afiel,Jeno Paolo Rigor,Undirected,837,,,1
Nethania Katrina Surtida,Andrei D. Coronel,Undirected,838,,,1
Joanna Pauline Rivera,Clement Ong,Undirected,839,,,1
Maria Art Antonette ClariÃ±o,Eliezer A. Albacea,Undirected,840,,,1
Ricco Laxamana,Edward Tighe,Undirected,841,,,1
Ma. Regina Estuar,Jan Nicole Domingo,Undirected,842,,,1
Joshua Dizon,Jean Malolos,Undirected,843,,,1
Vermille Ann T. Saw,Leona Jean A. Lao,Undirected,844,,,1
Ma. Regina Estuar,John Cliford Rosales,Undirected,845,,,1
Roger Luis Uy,Rafael A. Cabredo,Undirected,846,,,1
Miguel Mercado,Fernito Llanita,Undirected,847,,,1
Vileser T. Naculangga,Erika Ritzelle P. Bondoc,Undirected,848,,,1
Macliing Gabriel Q. Aydinan,John Eric Z. Sy,Undirected,849,,,1
Kenneth Royce Brigola,Christine Joy Infante,Undirected,850,,,1
Jeno Paolo Rigor,Fili Emerson Chua,Undirected,851,,,1
Francis JonÂ Olaso,Cecil JoseÂ Delfinado,Undirected,852,,,1
Michelle Ormoc,Merlin Teodosia C. Suarez,Undirected,853,,,1
Neil Jonathan A. Joaquin,George C. Cabarle,Undirected,854,,,1
Katrina B. Gapuz,Ephraim D. Mendoza,Undirected,855,,,1
Renier G. Mendoza,Jayrah Bena E. RiÃ±on,Undirected,856,,,1
Mauro Edmund Arce,Marvin Limson,Undirected,857,,,1
Prinz Nikko C. Palahang,Lemuel Clark P. Velasco,Undirected,858,,,1
Pia Melissa M. Encarnacion,Andrei D. Coronel,Undirected,859,,,1
Nivea Jane Urdas,Drew Dolot,Undirected,860,,,1
Samantha G. Mallari,Eva R. Samillano,Undirected,861,,,1
Angelica H. Dela Cruz,Adrian Martin S. Sy,Undirected,862,,,2
Ricco Laxamana,Kevin Pagtakhan,Undirected,863,,,1
Katrina Joy M. Abriol-Santos,Joseph Anthony C. Hermocilla,Undirected,864,,,1
LawrenceÂ Miguel Antonio,Cecil JoseÂ Delfinado,Undirected,865,,,1
Fritz Kevin Flores,Arvin Medina,Undirected,866,,,1
Ma. Christina R. Aragon,Jerry Y. Hom,Undirected,867,,,1
Maristella Aquino,Kristine Mae M. Adlaon,Undirected,868,,,2
Ronald John O. Cabatic,Michael B. Simora,Undirected,869,,,1
Maria Art Antonette Clariâ€‹Ã±â€‹o,Katrina Joy Abriol-Santos,Undirected,870,,,1
Redan Benedict Alcaide,Allan A. Sioson,Undirected,871,,,1
Darren Josef M. Kho,Charl Amaba,Undirected,872,,,1
John Matthew Villaflores,Henry N. Adorna,Undirected,873,,,1
Nathalie Rose Lim-Cheng,Danny C. Cheng,Undirected,874,,,1
Jan Apolline Estrella,Christian Philip Gelera,Undirected,875,,,1
Rex Bringula,Daryll Santos,Undirected,876,,,1
Jan Renard L. Calalang,Benjamin Ryan B. Mendoza,Undirected,877,,,1
Ligaya Leah Figueroa,Harvey Ian Arbas,Undirected,878,,,1
Joshua CastaÃ±eda,Cedric Festin,Undirected,879,,,1
Ma. Mercedes T. Rodrigo,Larry Vea,Undirected,880,,,1
Ma. Regina Estuar,Irene Therese Bermejo,Undirected,881,,,1
Cedric Festin,Bryan Adam B. Tan,Undirected,882,,,1
Jheanel E. Estrada,Erika Ritzelle P. Bondoc,Undirected,883,,,1
Geronimo Miguel M.Â Mantes,Emmanuel Jon A.Â Magdaluyo,Undirected,884,,,1
Merlin Teodosia C. Suarez,Christine Joy Infante,Undirected,885,,,1
Carlo Marco S. Ortiz,Art Maco T. Del Rosario,Undirected,886,,,1
Sony Renz Manalo,Nathaniel Oco,Undirected,887,,,1
Roger Luis Uy,Brylle Joseph Quinto,Undirected,888,,,1
Kevin Villanueva,Charibeth Cheng,Undirected,889,,,2
Patrick Joseph M. Sadornas,Charibeth Cheng,Undirected,890,,,1
Gregory Cu,Fritz Kevin Flores,Undirected,891,,,1
Sahnir Yap,Ethel Ong,Undirected,892,,,1
Mark Isaiah Quevedo,Angie M. Ceniza,Undirected,893,,,1
Nathalie Rose Lim-Cheng,Angelyn Lao,Undirected,894,,,1
